DELETE FROM ride_bookings;
DELETE FROM rides;
DELETE FROM vehicles;
DELETE FROM carpool_stops;
DELETE FROM carpool_routes;
DELETE FROM calendar_events;
DELETE FROM messages;
DELETE FROM attendance_records;
DELETE FROM attendance_sessions;
DELETE FROM grades;
DELETE FROM submissions;
DELETE FROM assessments;
DELETE FROM course_materials;
DELETE FROM announcements;
DELETE FROM enrollments;
DELETE FROM sections;
DELETE FROM courses;
DELETE FROM faculty;
DELETE FROM students;
DELETE FROM users;
DELETE FROM sqlite_sequence;

INSERT INTO users (id, username, password_hash, role, is_active) VALUES
    (1, 'MidhatShazzad', 'unisphere', 'student', 1),
    (2, 'ArebiSarker', 'unisphere', 'student', 1),
    (3, 'AryanSami', 'unisphere', 'student', 1),
    (4, 'ITN', 'unisphere', 'faculty', 1),
    (5, 'SFM1', 'unisphere', 'faculty', 1),
    (6, 'SFA', 'unisphere', 'faculty', 1),
    (7, 'MSRB', 'unisphere', 'faculty', 1),
    (8, 'SMSL', 'unisphere', 'faculty', 1),
    (9, 'admin1', 'unisphere', 'admin', 1);

INSERT INTO students (id, user_id, student_number, full_name, major, intake_term, bio) VALUES
    (1, 1, '2210001', 'Midhat Shazzad', 'CSE', 'Spring 2026', 'Midhat Shazzad is enrolled in the UniSphere demo environment.'),
    (2, 2, '2210002', 'Arebi Sarker', 'CSE', 'Spring 2026', 'Arebi Sarker is enrolled in the UniSphere demo environment.'),
    (3, 3, '2210003', 'Aryan Sami', 'CSE', 'Spring 2026', 'Aryan Sami is enrolled in the UniSphere demo environment.');

INSERT INTO faculty (id, user_id, faculty_number, full_name, department, office_location) VALUES
    (1, 4, 'ITN', 'Faculty ITN', 'CSE', 'NAC-41'),
    (2, 5, 'SFM1', 'Faculty SFM1', 'CSE', 'SAC-42'),
    (3, 6, 'SFA', 'Faculty SFA', 'CSE', 'NAC-43'),
    (4, 7, 'MSRB', 'Faculty MSRB', 'Mathematics', 'SAC-44'),
    (5, 8, 'SMSL', 'Faculty SMSL', 'Language Studies', 'NAC-45');

INSERT INTO courses (id, course_code, course_title, description) VALUES
    (1, 'CSE115', 'Intro to Programming', 'Intro to Programming course provisioned for the UniSphere project demo.'),
    (2, 'CSE299', 'Junior Design Lab', 'Junior Design Lab course provisioned for the UniSphere project demo.'),
    (3, 'CSE323', 'Operating System Design', 'Operating System Design course provisioned for the UniSphere project demo.'),
    (4, 'CSE327', 'Software Engineering', 'Software Engineering course provisioned for the UniSphere project demo.'),
    (5, 'CSE468', 'Computer Vision', 'Computer Vision course provisioned for the UniSphere project demo.'),
    (6, 'CSE499', 'Senior Design Lab', 'Senior Design Lab course provisioned for the UniSphere project demo.'),
    (7, 'ENG111', 'Public Speaking', 'Public Speaking course provisioned for the UniSphere project demo.'),
    (8, 'ENG115', 'Intro to Literature', 'Intro to Literature course provisioned for the UniSphere project demo.'),
    (9, 'MAT16', 'PreCalculus', 'PreCalculus course provisioned for the UniSphere project demo.'),
    (10, 'MAT120', 'Calculus 1', 'Calculus 1 course provisioned for the UniSphere project demo.'),
    (11, 'MAT250', 'Calculus 3', 'Calculus 3 course provisioned for the UniSphere project demo.'),
    (12, 'MAT350', 'Engineering Mathematics', 'Engineering Mathematics course provisioned for the UniSphere project demo.'),
    (13, 'MAT361', 'Probability and Statistics', 'Probability and Statistics course provisioned for the UniSphere project demo.');

INSERT INTO sections (id, course_id, faculty_id, section_code, room_no, term) VALUES
    (1, 1, 1, '01', 'NAC-11', 'Spring 2026'),
    (2, 1, 2, '02', 'SAC-12', 'Spring 2026'),
    (3, 1, 3, '03', 'NAC-13', 'Spring 2026'),
    (4, 1, 4, '04', 'SAC-14', 'Spring 2026'),
    (5, 1, 5, '05', 'NAC-15', 'Spring 2026'),
    (6, 1, 1, '06', 'SAC-16', 'Spring 2026'),
    (7, 1, 2, '07', 'NAC-17', 'Spring 2026'),
    (8, 1, 3, '08', 'SAC-18', 'Spring 2026'),
    (9, 1, 4, '09', 'NAC-19', 'Spring 2026'),
    (10, 1, 5, '10', 'SAC-20', 'Spring 2026'),
    (11, 1, 1, '11', 'NAC-21', 'Spring 2026'),
    (12, 1, 2, '12', 'SAC-22', 'Spring 2026'),
    (13, 1, 3, '13', 'NAC-23', 'Spring 2026'),
    (14, 1, 4, '14', 'SAC-24', 'Spring 2026'),
    (15, 1, 5, '15', 'NAC-25', 'Spring 2026'),
    (16, 1, 1, '16', 'SAC-26', 'Spring 2026'),
    (17, 1, 2, '17', 'NAC-27', 'Spring 2026'),
    (18, 1, 3, '18', 'SAC-28', 'Spring 2026'),
    (19, 1, 4, '19', 'NAC-29', 'Spring 2026'),
    (20, 1, 5, '20', 'SAC-30', 'Spring 2026'),
    (21, 1, 1, '21', 'NAC-31', 'Spring 2026'),
    (22, 1, 2, '22', 'SAC-32', 'Spring 2026'),
    (23, 1, 3, '23', 'NAC-33', 'Spring 2026'),
    (24, 1, 4, '24', 'SAC-34', 'Spring 2026'),
    (25, 1, 5, '25', 'NAC-35', 'Spring 2026'),
    (26, 2, 2, '01', 'SAC-36', 'Spring 2026'),
    (27, 2, 3, '02', 'NAC-37', 'Spring 2026'),
    (28, 2, 4, '03', 'SAC-38', 'Spring 2026'),
    (29, 2, 5, '04', 'NAC-39', 'Spring 2026'),
    (30, 2, 1, '05', 'SAC-40', 'Spring 2026'),
    (31, 2, 2, '06', 'NAC-41', 'Spring 2026'),
    (32, 2, 3, '07', 'SAC-42', 'Spring 2026'),
    (33, 2, 4, '08', 'NAC-43', 'Spring 2026'),
    (34, 2, 5, '09', 'SAC-44', 'Spring 2026'),
    (35, 2, 1, '10', 'NAC-45', 'Spring 2026'),
    (36, 2, 2, '11', 'SAC-46', 'Spring 2026'),
    (37, 2, 3, '12', 'NAC-47', 'Spring 2026'),
    (38, 3, 3, '01', 'SAC-48', 'Spring 2026'),
    (39, 3, 4, '02', 'NAC-49', 'Spring 2026'),
    (40, 3, 5, '03', 'SAC-50', 'Spring 2026'),
    (41, 3, 1, '04', 'NAC-51', 'Spring 2026'),
    (42, 3, 2, '05', 'SAC-52', 'Spring 2026'),
    (43, 3, 3, '06', 'NAC-53', 'Spring 2026'),
    (44, 3, 4, '07', 'SAC-54', 'Spring 2026'),
    (45, 3, 5, '08', 'NAC-55', 'Spring 2026'),
    (46, 3, 1, '09', 'SAC-56', 'Spring 2026'),
    (47, 4, 4, '01', 'NAC-57', 'Spring 2026'),
    (48, 4, 5, '02', 'SAC-58', 'Spring 2026'),
    (49, 4, 1, '03', 'NAC-59', 'Spring 2026'),
    (50, 4, 2, '04', 'SAC-60', 'Spring 2026'),
    (51, 4, 3, '05', 'NAC-61', 'Spring 2026'),
    (52, 4, 4, '06', 'SAC-62', 'Spring 2026'),
    (53, 4, 5, '07', 'NAC-63', 'Spring 2026'),
    (54, 4, 1, '08', 'SAC-64', 'Spring 2026'),
    (55, 5, 5, '01', 'NAC-65', 'Spring 2026'),
    (56, 5, 1, '02', 'SAC-66', 'Spring 2026'),
    (57, 5, 2, '03', 'NAC-67', 'Spring 2026'),
    (58, 5, 3, '04', 'SAC-68', 'Spring 2026'),
    (59, 5, 4, '05', 'NAC-69', 'Spring 2026'),
    (60, 5, 5, '06', 'SAC-70', 'Spring 2026'),
    (61, 6, 1, '01', 'NAC-71', 'Spring 2026'),
    (62, 6, 2, '02', 'SAC-72', 'Spring 2026'),
    (63, 6, 3, '03', 'NAC-73', 'Spring 2026'),
    (64, 6, 4, '04', 'SAC-74', 'Spring 2026'),
    (65, 6, 5, '05', 'NAC-75', 'Spring 2026'),
    (66, 7, 2, '01', 'SAC-76', 'Spring 2026'),
    (67, 7, 3, '02', 'NAC-77', 'Spring 2026'),
    (68, 7, 4, '03', 'SAC-78', 'Spring 2026'),
    (69, 7, 5, '04', 'NAC-79', 'Spring 2026'),
    (70, 7, 1, '05', 'SAC-80', 'Spring 2026'),
    (71, 7, 2, '06', 'NAC-81', 'Spring 2026'),
    (72, 7, 3, '07', 'SAC-82', 'Spring 2026'),
    (73, 7, 4, '08', 'NAC-83', 'Spring 2026'),
    (74, 7, 5, '09', 'SAC-84', 'Spring 2026'),
    (75, 7, 1, '10', 'NAC-85', 'Spring 2026'),
    (76, 7, 2, '11', 'SAC-86', 'Spring 2026'),
    (77, 7, 3, '12', 'NAC-87', 'Spring 2026'),
    (78, 7, 4, '13', 'SAC-88', 'Spring 2026'),
    (79, 7, 5, '14', 'NAC-89', 'Spring 2026'),
    (80, 7, 1, '15', 'SAC-90', 'Spring 2026'),
    (81, 7, 2, '16', 'NAC-91', 'Spring 2026'),
    (82, 7, 3, '17', 'SAC-92', 'Spring 2026'),
    (83, 7, 4, '18', 'NAC-93', 'Spring 2026'),
    (84, 7, 5, '19', 'SAC-94', 'Spring 2026'),
    (85, 7, 1, '20', 'NAC-95', 'Spring 2026'),
    (86, 8, 3, '01', 'SAC-96', 'Spring 2026'),
    (87, 8, 4, '02', 'NAC-97', 'Spring 2026'),
    (88, 8, 5, '03', 'SAC-98', 'Spring 2026'),
    (89, 8, 1, '04', 'NAC-99', 'Spring 2026'),
    (90, 8, 2, '05', 'SAC-10', 'Spring 2026'),
    (91, 8, 3, '06', 'NAC-11', 'Spring 2026'),
    (92, 8, 4, '07', 'SAC-12', 'Spring 2026'),
    (93, 8, 5, '08', 'NAC-13', 'Spring 2026'),
    (94, 8, 1, '09', 'SAC-14', 'Spring 2026'),
    (95, 8, 2, '10', 'NAC-15', 'Spring 2026'),
    (96, 8, 3, '11', 'SAC-16', 'Spring 2026'),
    (97, 8, 4, '12', 'NAC-17', 'Spring 2026'),
    (98, 8, 5, '13', 'SAC-18', 'Spring 2026'),
    (99, 8, 1, '14', 'NAC-19', 'Spring 2026'),
    (100, 8, 2, '15', 'SAC-20', 'Spring 2026'),
    (101, 8, 3, '16', 'NAC-21', 'Spring 2026'),
    (102, 8, 4, '17', 'SAC-22', 'Spring 2026'),
    (103, 8, 5, '18', 'NAC-23', 'Spring 2026'),
    (104, 9, 4, '01', 'SAC-24', 'Spring 2026'),
    (105, 9, 5, '02', 'NAC-25', 'Spring 2026'),
    (106, 9, 1, '03', 'SAC-26', 'Spring 2026'),
    (107, 9, 2, '04', 'NAC-27', 'Spring 2026'),
    (108, 9, 3, '05', 'SAC-28', 'Spring 2026'),
    (109, 9, 4, '06', 'NAC-29', 'Spring 2026'),
    (110, 9, 5, '07', 'SAC-30', 'Spring 2026'),
    (111, 9, 1, '08', 'NAC-31', 'Spring 2026'),
    (112, 9, 2, '09', 'SAC-32', 'Spring 2026'),
    (113, 9, 3, '10', 'NAC-33', 'Spring 2026'),
    (114, 9, 4, '11', 'SAC-34', 'Spring 2026'),
    (115, 9, 5, '12', 'NAC-35', 'Spring 2026'),
    (116, 9, 1, '13', 'SAC-36', 'Spring 2026'),
    (117, 9, 2, '14', 'NAC-37', 'Spring 2026'),
    (118, 9, 3, '15', 'SAC-38', 'Spring 2026'),
    (119, 9, 4, '16', 'NAC-39', 'Spring 2026'),
    (120, 9, 5, '17', 'SAC-40', 'Spring 2026'),
    (121, 9, 1, '18', 'NAC-41', 'Spring 2026'),
    (122, 9, 2, '19', 'SAC-42', 'Spring 2026'),
    (123, 9, 3, '20', 'NAC-43', 'Spring 2026'),
    (124, 10, 5, '01', 'SAC-44', 'Spring 2026'),
    (125, 10, 1, '02', 'NAC-45', 'Spring 2026'),
    (126, 10, 2, '03', 'SAC-46', 'Spring 2026'),
    (127, 10, 3, '04', 'NAC-47', 'Spring 2026'),
    (128, 10, 4, '05', 'SAC-48', 'Spring 2026'),
    (129, 10, 5, '06', 'NAC-49', 'Spring 2026'),
    (130, 10, 1, '07', 'SAC-50', 'Spring 2026'),
    (131, 10, 2, '08', 'NAC-51', 'Spring 2026'),
    (132, 10, 3, '09', 'SAC-52', 'Spring 2026'),
    (133, 10, 4, '10', 'NAC-53', 'Spring 2026'),
    (134, 10, 5, '11', 'SAC-54', 'Spring 2026'),
    (135, 10, 1, '12', 'NAC-55', 'Spring 2026'),
    (136, 10, 2, '13', 'SAC-56', 'Spring 2026'),
    (137, 10, 3, '14', 'NAC-57', 'Spring 2026'),
    (138, 10, 4, '15', 'SAC-58', 'Spring 2026'),
    (139, 10, 5, '16', 'NAC-59', 'Spring 2026'),
    (140, 10, 1, '17', 'SAC-60', 'Spring 2026'),
    (141, 10, 2, '18', 'NAC-61', 'Spring 2026'),
    (142, 11, 1, '01', 'SAC-62', 'Spring 2026'),
    (143, 11, 2, '02', 'NAC-63', 'Spring 2026'),
    (144, 11, 3, '03', 'SAC-64', 'Spring 2026'),
    (145, 11, 4, '04', 'NAC-65', 'Spring 2026'),
    (146, 11, 5, '05', 'SAC-66', 'Spring 2026'),
    (147, 11, 1, '06', 'NAC-67', 'Spring 2026'),
    (148, 11, 2, '07', 'SAC-68', 'Spring 2026'),
    (149, 11, 3, '08', 'NAC-69', 'Spring 2026'),
    (150, 11, 4, '09', 'SAC-70', 'Spring 2026'),
    (151, 11, 5, '10', 'NAC-71', 'Spring 2026'),
    (152, 11, 1, '11', 'SAC-72', 'Spring 2026'),
    (153, 11, 2, '12', 'NAC-73', 'Spring 2026'),
    (154, 12, 2, '01', 'SAC-74', 'Spring 2026'),
    (155, 12, 3, '02', 'NAC-75', 'Spring 2026'),
    (156, 12, 4, '03', 'SAC-76', 'Spring 2026'),
    (157, 12, 5, '04', 'NAC-77', 'Spring 2026'),
    (158, 12, 1, '05', 'SAC-78', 'Spring 2026'),
    (159, 12, 2, '06', 'NAC-79', 'Spring 2026'),
    (160, 12, 3, '07', 'SAC-80', 'Spring 2026'),
    (161, 12, 4, '08', 'NAC-81', 'Spring 2026'),
    (162, 13, 3, '01', 'SAC-82', 'Spring 2026'),
    (163, 13, 4, '02', 'NAC-83', 'Spring 2026'),
    (164, 13, 5, '03', 'SAC-84', 'Spring 2026'),
    (165, 13, 1, '04', 'NAC-85', 'Spring 2026'),
    (166, 13, 2, '05', 'SAC-86', 'Spring 2026'),
    (167, 13, 3, '06', 'NAC-87', 'Spring 2026'),
    (168, 13, 4, '07', 'SAC-88', 'Spring 2026');

INSERT INTO enrollments (student_id, section_id, status) VALUES
    (1, 3, 'enrolled'),
    (1, 67, 'enrolled'),
    (1, 127, 'enrolled'),
    (1, 26, 'enrolled'),
    (1, 38, 'enrolled'),
    (1, 48, 'enrolled'),
    (1, 61, 'enrolled'),
    (2, 5, 'enrolled'),
    (2, 86, 'enrolled'),
    (2, 105, 'enrolled'),
    (2, 129, 'enrolled'),
    (2, 27, 'enrolled'),
    (2, 47, 'enrolled'),
    (2, 162, 'enrolled'),
    (3, 1, 'enrolled'),
    (3, 69, 'enrolled'),
    (3, 108, 'enrolled'),
    (3, 142, 'enrolled'),
    (3, 154, 'enrolled'),
    (3, 39, 'enrolled'),
    (3, 55, 'enrolled');

INSERT INTO announcements (section_id, author_user_id, title, body, created_at) VALUES
    (NULL, 9, 'Semester Launch', 'Welcome to the UniSphere Spring 2026 environment.', '2026-04-25 09:00:00'),
    (1, 4, 'CSE115 Section 01 Update', 'Stay aligned on weekly priorities and section milestones for Intro to Programming.', '2026-04-27 10:00:00'),
    (2, 5, 'CSE115 Section 02 Update', 'Stay aligned on weekly priorities and section milestones for Intro to Programming.', '2026-04-26 10:00:00'),
    (3, 6, 'CSE115 Section 03 Update', 'Stay aligned on weekly priorities and section milestones for Intro to Programming.', '2026-04-27 10:00:00'),
    (4, 7, 'CSE115 Section 04 Update', 'Stay aligned on weekly priorities and section milestones for Intro to Programming.', '2026-04-26 10:00:00'),
    (5, 8, 'CSE115 Section 05 Update', 'Stay aligned on weekly priorities and section milestones for Intro to Programming.', '2026-04-27 10:00:00'),
    (6, 4, 'CSE115 Section 06 Update', 'Stay aligned on weekly priorities and section milestones for Intro to Programming.', '2026-04-26 10:00:00'),
    (7, 5, 'CSE115 Section 07 Update', 'Stay aligned on weekly priorities and section milestones for Intro to Programming.', '2026-04-27 10:00:00'),
    (8, 6, 'CSE115 Section 08 Update', 'Stay aligned on weekly priorities and section milestones for Intro to Programming.', '2026-04-26 10:00:00'),
    (9, 7, 'CSE115 Section 09 Update', 'Stay aligned on weekly priorities and section milestones for Intro to Programming.', '2026-04-27 10:00:00'),
    (10, 8, 'CSE115 Section 10 Update', 'Stay aligned on weekly priorities and section milestones for Intro to Programming.', '2026-04-26 10:00:00'),
    (11, 4, 'CSE115 Section 11 Update', 'Stay aligned on weekly priorities and section milestones for Intro to Programming.', '2026-04-27 10:00:00'),
    (12, 5, 'CSE115 Section 12 Update', 'Stay aligned on weekly priorities and section milestones for Intro to Programming.', '2026-04-26 10:00:00'),
    (13, 6, 'CSE115 Section 13 Update', 'Stay aligned on weekly priorities and section milestones for Intro to Programming.', '2026-04-27 10:00:00'),
    (14, 7, 'CSE115 Section 14 Update', 'Stay aligned on weekly priorities and section milestones for Intro to Programming.', '2026-04-26 10:00:00'),
    (15, 8, 'CSE115 Section 15 Update', 'Stay aligned on weekly priorities and section milestones for Intro to Programming.', '2026-04-27 10:00:00'),
    (16, 4, 'CSE115 Section 16 Update', 'Stay aligned on weekly priorities and section milestones for Intro to Programming.', '2026-04-26 10:00:00'),
    (17, 5, 'CSE115 Section 17 Update', 'Stay aligned on weekly priorities and section milestones for Intro to Programming.', '2026-04-27 10:00:00'),
    (18, 6, 'CSE115 Section 18 Update', 'Stay aligned on weekly priorities and section milestones for Intro to Programming.', '2026-04-26 10:00:00'),
    (19, 7, 'CSE115 Section 19 Update', 'Stay aligned on weekly priorities and section milestones for Intro to Programming.', '2026-04-27 10:00:00'),
    (20, 8, 'CSE115 Section 20 Update', 'Stay aligned on weekly priorities and section milestones for Intro to Programming.', '2026-04-26 10:00:00'),
    (21, 4, 'CSE115 Section 21 Update', 'Stay aligned on weekly priorities and section milestones for Intro to Programming.', '2026-04-27 10:00:00'),
    (22, 5, 'CSE115 Section 22 Update', 'Stay aligned on weekly priorities and section milestones for Intro to Programming.', '2026-04-26 10:00:00'),
    (23, 6, 'CSE115 Section 23 Update', 'Stay aligned on weekly priorities and section milestones for Intro to Programming.', '2026-04-27 10:00:00'),
    (24, 7, 'CSE115 Section 24 Update', 'Stay aligned on weekly priorities and section milestones for Intro to Programming.', '2026-04-26 10:00:00'),
    (25, 8, 'CSE115 Section 25 Update', 'Stay aligned on weekly priorities and section milestones for Intro to Programming.', '2026-04-27 10:00:00'),
    (26, 5, 'CSE299 Section 01 Update', 'Stay aligned on weekly priorities and section milestones for Junior Design Lab.', '2026-04-26 10:00:00'),
    (27, 6, 'CSE299 Section 02 Update', 'Stay aligned on weekly priorities and section milestones for Junior Design Lab.', '2026-04-27 10:00:00'),
    (28, 7, 'CSE299 Section 03 Update', 'Stay aligned on weekly priorities and section milestones for Junior Design Lab.', '2026-04-26 10:00:00'),
    (29, 8, 'CSE299 Section 04 Update', 'Stay aligned on weekly priorities and section milestones for Junior Design Lab.', '2026-04-27 10:00:00'),
    (30, 4, 'CSE299 Section 05 Update', 'Stay aligned on weekly priorities and section milestones for Junior Design Lab.', '2026-04-26 10:00:00'),
    (31, 5, 'CSE299 Section 06 Update', 'Stay aligned on weekly priorities and section milestones for Junior Design Lab.', '2026-04-27 10:00:00'),
    (32, 6, 'CSE299 Section 07 Update', 'Stay aligned on weekly priorities and section milestones for Junior Design Lab.', '2026-04-26 10:00:00'),
    (33, 7, 'CSE299 Section 08 Update', 'Stay aligned on weekly priorities and section milestones for Junior Design Lab.', '2026-04-27 10:00:00'),
    (34, 8, 'CSE299 Section 09 Update', 'Stay aligned on weekly priorities and section milestones for Junior Design Lab.', '2026-04-26 10:00:00'),
    (35, 4, 'CSE299 Section 10 Update', 'Stay aligned on weekly priorities and section milestones for Junior Design Lab.', '2026-04-27 10:00:00'),
    (36, 5, 'CSE299 Section 11 Update', 'Stay aligned on weekly priorities and section milestones for Junior Design Lab.', '2026-04-26 10:00:00'),
    (37, 6, 'CSE299 Section 12 Update', 'Stay aligned on weekly priorities and section milestones for Junior Design Lab.', '2026-04-27 10:00:00'),
    (38, 6, 'CSE323 Section 01 Update', 'Stay aligned on weekly priorities and section milestones for Operating System Design.', '2026-04-26 10:00:00'),
    (39, 7, 'CSE323 Section 02 Update', 'Stay aligned on weekly priorities and section milestones for Operating System Design.', '2026-04-27 10:00:00'),
    (40, 8, 'CSE323 Section 03 Update', 'Stay aligned on weekly priorities and section milestones for Operating System Design.', '2026-04-26 10:00:00'),
    (41, 4, 'CSE323 Section 04 Update', 'Stay aligned on weekly priorities and section milestones for Operating System Design.', '2026-04-27 10:00:00'),
    (42, 5, 'CSE323 Section 05 Update', 'Stay aligned on weekly priorities and section milestones for Operating System Design.', '2026-04-26 10:00:00'),
    (43, 6, 'CSE323 Section 06 Update', 'Stay aligned on weekly priorities and section milestones for Operating System Design.', '2026-04-27 10:00:00'),
    (44, 7, 'CSE323 Section 07 Update', 'Stay aligned on weekly priorities and section milestones for Operating System Design.', '2026-04-26 10:00:00'),
    (45, 8, 'CSE323 Section 08 Update', 'Stay aligned on weekly priorities and section milestones for Operating System Design.', '2026-04-27 10:00:00'),
    (46, 4, 'CSE323 Section 09 Update', 'Stay aligned on weekly priorities and section milestones for Operating System Design.', '2026-04-26 10:00:00'),
    (47, 7, 'CSE327 Section 01 Update', 'Stay aligned on weekly priorities and section milestones for Software Engineering.', '2026-04-27 10:00:00'),
    (48, 8, 'CSE327 Section 02 Update', 'Stay aligned on weekly priorities and section milestones for Software Engineering.', '2026-04-26 10:00:00'),
    (49, 4, 'CSE327 Section 03 Update', 'Stay aligned on weekly priorities and section milestones for Software Engineering.', '2026-04-27 10:00:00'),
    (50, 5, 'CSE327 Section 04 Update', 'Stay aligned on weekly priorities and section milestones for Software Engineering.', '2026-04-26 10:00:00'),
    (51, 6, 'CSE327 Section 05 Update', 'Stay aligned on weekly priorities and section milestones for Software Engineering.', '2026-04-27 10:00:00'),
    (52, 7, 'CSE327 Section 06 Update', 'Stay aligned on weekly priorities and section milestones for Software Engineering.', '2026-04-26 10:00:00'),
    (53, 8, 'CSE327 Section 07 Update', 'Stay aligned on weekly priorities and section milestones for Software Engineering.', '2026-04-27 10:00:00'),
    (54, 4, 'CSE327 Section 08 Update', 'Stay aligned on weekly priorities and section milestones for Software Engineering.', '2026-04-26 10:00:00'),
    (55, 8, 'CSE468 Section 01 Update', 'Stay aligned on weekly priorities and section milestones for Computer Vision.', '2026-04-27 10:00:00'),
    (56, 4, 'CSE468 Section 02 Update', 'Stay aligned on weekly priorities and section milestones for Computer Vision.', '2026-04-26 10:00:00'),
    (57, 5, 'CSE468 Section 03 Update', 'Stay aligned on weekly priorities and section milestones for Computer Vision.', '2026-04-27 10:00:00'),
    (58, 6, 'CSE468 Section 04 Update', 'Stay aligned on weekly priorities and section milestones for Computer Vision.', '2026-04-26 10:00:00'),
    (59, 7, 'CSE468 Section 05 Update', 'Stay aligned on weekly priorities and section milestones for Computer Vision.', '2026-04-27 10:00:00'),
    (60, 8, 'CSE468 Section 06 Update', 'Stay aligned on weekly priorities and section milestones for Computer Vision.', '2026-04-26 10:00:00'),
    (61, 4, 'CSE499 Section 01 Update', 'Stay aligned on weekly priorities and section milestones for Senior Design Lab.', '2026-04-27 10:00:00'),
    (62, 5, 'CSE499 Section 02 Update', 'Stay aligned on weekly priorities and section milestones for Senior Design Lab.', '2026-04-26 10:00:00'),
    (63, 6, 'CSE499 Section 03 Update', 'Stay aligned on weekly priorities and section milestones for Senior Design Lab.', '2026-04-27 10:00:00'),
    (64, 7, 'CSE499 Section 04 Update', 'Stay aligned on weekly priorities and section milestones for Senior Design Lab.', '2026-04-26 10:00:00'),
    (65, 8, 'CSE499 Section 05 Update', 'Stay aligned on weekly priorities and section milestones for Senior Design Lab.', '2026-04-27 10:00:00'),
    (66, 5, 'ENG111 Section 01 Update', 'Stay aligned on weekly priorities and section milestones for Public Speaking.', '2026-04-26 10:00:00'),
    (67, 6, 'ENG111 Section 02 Update', 'Stay aligned on weekly priorities and section milestones for Public Speaking.', '2026-04-27 10:00:00'),
    (68, 7, 'ENG111 Section 03 Update', 'Stay aligned on weekly priorities and section milestones for Public Speaking.', '2026-04-26 10:00:00'),
    (69, 8, 'ENG111 Section 04 Update', 'Stay aligned on weekly priorities and section milestones for Public Speaking.', '2026-04-27 10:00:00'),
    (70, 4, 'ENG111 Section 05 Update', 'Stay aligned on weekly priorities and section milestones for Public Speaking.', '2026-04-26 10:00:00'),
    (71, 5, 'ENG111 Section 06 Update', 'Stay aligned on weekly priorities and section milestones for Public Speaking.', '2026-04-27 10:00:00'),
    (72, 6, 'ENG111 Section 07 Update', 'Stay aligned on weekly priorities and section milestones for Public Speaking.', '2026-04-26 10:00:00'),
    (73, 7, 'ENG111 Section 08 Update', 'Stay aligned on weekly priorities and section milestones for Public Speaking.', '2026-04-27 10:00:00'),
    (74, 8, 'ENG111 Section 09 Update', 'Stay aligned on weekly priorities and section milestones for Public Speaking.', '2026-04-26 10:00:00'),
    (75, 4, 'ENG111 Section 10 Update', 'Stay aligned on weekly priorities and section milestones for Public Speaking.', '2026-04-27 10:00:00'),
    (76, 5, 'ENG111 Section 11 Update', 'Stay aligned on weekly priorities and section milestones for Public Speaking.', '2026-04-26 10:00:00'),
    (77, 6, 'ENG111 Section 12 Update', 'Stay aligned on weekly priorities and section milestones for Public Speaking.', '2026-04-27 10:00:00'),
    (78, 7, 'ENG111 Section 13 Update', 'Stay aligned on weekly priorities and section milestones for Public Speaking.', '2026-04-26 10:00:00'),
    (79, 8, 'ENG111 Section 14 Update', 'Stay aligned on weekly priorities and section milestones for Public Speaking.', '2026-04-27 10:00:00'),
    (80, 4, 'ENG111 Section 15 Update', 'Stay aligned on weekly priorities and section milestones for Public Speaking.', '2026-04-26 10:00:00'),
    (81, 5, 'ENG111 Section 16 Update', 'Stay aligned on weekly priorities and section milestones for Public Speaking.', '2026-04-27 10:00:00'),
    (82, 6, 'ENG111 Section 17 Update', 'Stay aligned on weekly priorities and section milestones for Public Speaking.', '2026-04-26 10:00:00'),
    (83, 7, 'ENG111 Section 18 Update', 'Stay aligned on weekly priorities and section milestones for Public Speaking.', '2026-04-27 10:00:00'),
    (84, 8, 'ENG111 Section 19 Update', 'Stay aligned on weekly priorities and section milestones for Public Speaking.', '2026-04-26 10:00:00'),
    (85, 4, 'ENG111 Section 20 Update', 'Stay aligned on weekly priorities and section milestones for Public Speaking.', '2026-04-27 10:00:00'),
    (86, 6, 'ENG115 Section 01 Update', 'Stay aligned on weekly priorities and section milestones for Intro to Literature.', '2026-04-26 10:00:00'),
    (87, 7, 'ENG115 Section 02 Update', 'Stay aligned on weekly priorities and section milestones for Intro to Literature.', '2026-04-27 10:00:00'),
    (88, 8, 'ENG115 Section 03 Update', 'Stay aligned on weekly priorities and section milestones for Intro to Literature.', '2026-04-26 10:00:00'),
    (89, 4, 'ENG115 Section 04 Update', 'Stay aligned on weekly priorities and section milestones for Intro to Literature.', '2026-04-27 10:00:00'),
    (90, 5, 'ENG115 Section 05 Update', 'Stay aligned on weekly priorities and section milestones for Intro to Literature.', '2026-04-26 10:00:00'),
    (91, 6, 'ENG115 Section 06 Update', 'Stay aligned on weekly priorities and section milestones for Intro to Literature.', '2026-04-27 10:00:00'),
    (92, 7, 'ENG115 Section 07 Update', 'Stay aligned on weekly priorities and section milestones for Intro to Literature.', '2026-04-26 10:00:00'),
    (93, 8, 'ENG115 Section 08 Update', 'Stay aligned on weekly priorities and section milestones for Intro to Literature.', '2026-04-27 10:00:00'),
    (94, 4, 'ENG115 Section 09 Update', 'Stay aligned on weekly priorities and section milestones for Intro to Literature.', '2026-04-26 10:00:00'),
    (95, 5, 'ENG115 Section 10 Update', 'Stay aligned on weekly priorities and section milestones for Intro to Literature.', '2026-04-27 10:00:00'),
    (96, 6, 'ENG115 Section 11 Update', 'Stay aligned on weekly priorities and section milestones for Intro to Literature.', '2026-04-26 10:00:00'),
    (97, 7, 'ENG115 Section 12 Update', 'Stay aligned on weekly priorities and section milestones for Intro to Literature.', '2026-04-27 10:00:00'),
    (98, 8, 'ENG115 Section 13 Update', 'Stay aligned on weekly priorities and section milestones for Intro to Literature.', '2026-04-26 10:00:00'),
    (99, 4, 'ENG115 Section 14 Update', 'Stay aligned on weekly priorities and section milestones for Intro to Literature.', '2026-04-27 10:00:00'),
    (100, 5, 'ENG115 Section 15 Update', 'Stay aligned on weekly priorities and section milestones for Intro to Literature.', '2026-04-26 10:00:00'),
    (101, 6, 'ENG115 Section 16 Update', 'Stay aligned on weekly priorities and section milestones for Intro to Literature.', '2026-04-27 10:00:00'),
    (102, 7, 'ENG115 Section 17 Update', 'Stay aligned on weekly priorities and section milestones for Intro to Literature.', '2026-04-26 10:00:00'),
    (103, 8, 'ENG115 Section 18 Update', 'Stay aligned on weekly priorities and section milestones for Intro to Literature.', '2026-04-27 10:00:00'),
    (104, 7, 'MAT16 Section 01 Update', 'Stay aligned on weekly priorities and section milestones for PreCalculus.', '2026-04-26 10:00:00'),
    (105, 8, 'MAT16 Section 02 Update', 'Stay aligned on weekly priorities and section milestones for PreCalculus.', '2026-04-27 10:00:00'),
    (106, 4, 'MAT16 Section 03 Update', 'Stay aligned on weekly priorities and section milestones for PreCalculus.', '2026-04-26 10:00:00'),
    (107, 5, 'MAT16 Section 04 Update', 'Stay aligned on weekly priorities and section milestones for PreCalculus.', '2026-04-27 10:00:00'),
    (108, 6, 'MAT16 Section 05 Update', 'Stay aligned on weekly priorities and section milestones for PreCalculus.', '2026-04-26 10:00:00'),
    (109, 7, 'MAT16 Section 06 Update', 'Stay aligned on weekly priorities and section milestones for PreCalculus.', '2026-04-27 10:00:00'),
    (110, 8, 'MAT16 Section 07 Update', 'Stay aligned on weekly priorities and section milestones for PreCalculus.', '2026-04-26 10:00:00'),
    (111, 4, 'MAT16 Section 08 Update', 'Stay aligned on weekly priorities and section milestones for PreCalculus.', '2026-04-27 10:00:00'),
    (112, 5, 'MAT16 Section 09 Update', 'Stay aligned on weekly priorities and section milestones for PreCalculus.', '2026-04-26 10:00:00'),
    (113, 6, 'MAT16 Section 10 Update', 'Stay aligned on weekly priorities and section milestones for PreCalculus.', '2026-04-27 10:00:00'),
    (114, 7, 'MAT16 Section 11 Update', 'Stay aligned on weekly priorities and section milestones for PreCalculus.', '2026-04-26 10:00:00'),
    (115, 8, 'MAT16 Section 12 Update', 'Stay aligned on weekly priorities and section milestones for PreCalculus.', '2026-04-27 10:00:00'),
    (116, 4, 'MAT16 Section 13 Update', 'Stay aligned on weekly priorities and section milestones for PreCalculus.', '2026-04-26 10:00:00'),
    (117, 5, 'MAT16 Section 14 Update', 'Stay aligned on weekly priorities and section milestones for PreCalculus.', '2026-04-27 10:00:00'),
    (118, 6, 'MAT16 Section 15 Update', 'Stay aligned on weekly priorities and section milestones for PreCalculus.', '2026-04-26 10:00:00'),
    (119, 7, 'MAT16 Section 16 Update', 'Stay aligned on weekly priorities and section milestones for PreCalculus.', '2026-04-27 10:00:00'),
    (120, 8, 'MAT16 Section 17 Update', 'Stay aligned on weekly priorities and section milestones for PreCalculus.', '2026-04-26 10:00:00'),
    (121, 4, 'MAT16 Section 18 Update', 'Stay aligned on weekly priorities and section milestones for PreCalculus.', '2026-04-27 10:00:00'),
    (122, 5, 'MAT16 Section 19 Update', 'Stay aligned on weekly priorities and section milestones for PreCalculus.', '2026-04-26 10:00:00'),
    (123, 6, 'MAT16 Section 20 Update', 'Stay aligned on weekly priorities and section milestones for PreCalculus.', '2026-04-27 10:00:00'),
    (124, 8, 'MAT120 Section 01 Update', 'Stay aligned on weekly priorities and section milestones for Calculus 1.', '2026-04-26 10:00:00'),
    (125, 4, 'MAT120 Section 02 Update', 'Stay aligned on weekly priorities and section milestones for Calculus 1.', '2026-04-27 10:00:00'),
    (126, 5, 'MAT120 Section 03 Update', 'Stay aligned on weekly priorities and section milestones for Calculus 1.', '2026-04-26 10:00:00'),
    (127, 6, 'MAT120 Section 04 Update', 'Stay aligned on weekly priorities and section milestones for Calculus 1.', '2026-04-27 10:00:00'),
    (128, 7, 'MAT120 Section 05 Update', 'Stay aligned on weekly priorities and section milestones for Calculus 1.', '2026-04-26 10:00:00'),
    (129, 8, 'MAT120 Section 06 Update', 'Stay aligned on weekly priorities and section milestones for Calculus 1.', '2026-04-27 10:00:00'),
    (130, 4, 'MAT120 Section 07 Update', 'Stay aligned on weekly priorities and section milestones for Calculus 1.', '2026-04-26 10:00:00'),
    (131, 5, 'MAT120 Section 08 Update', 'Stay aligned on weekly priorities and section milestones for Calculus 1.', '2026-04-27 10:00:00'),
    (132, 6, 'MAT120 Section 09 Update', 'Stay aligned on weekly priorities and section milestones for Calculus 1.', '2026-04-26 10:00:00'),
    (133, 7, 'MAT120 Section 10 Update', 'Stay aligned on weekly priorities and section milestones for Calculus 1.', '2026-04-27 10:00:00'),
    (134, 8, 'MAT120 Section 11 Update', 'Stay aligned on weekly priorities and section milestones for Calculus 1.', '2026-04-26 10:00:00'),
    (135, 4, 'MAT120 Section 12 Update', 'Stay aligned on weekly priorities and section milestones for Calculus 1.', '2026-04-27 10:00:00'),
    (136, 5, 'MAT120 Section 13 Update', 'Stay aligned on weekly priorities and section milestones for Calculus 1.', '2026-04-26 10:00:00'),
    (137, 6, 'MAT120 Section 14 Update', 'Stay aligned on weekly priorities and section milestones for Calculus 1.', '2026-04-27 10:00:00'),
    (138, 7, 'MAT120 Section 15 Update', 'Stay aligned on weekly priorities and section milestones for Calculus 1.', '2026-04-26 10:00:00'),
    (139, 8, 'MAT120 Section 16 Update', 'Stay aligned on weekly priorities and section milestones for Calculus 1.', '2026-04-27 10:00:00'),
    (140, 4, 'MAT120 Section 17 Update', 'Stay aligned on weekly priorities and section milestones for Calculus 1.', '2026-04-26 10:00:00'),
    (141, 5, 'MAT120 Section 18 Update', 'Stay aligned on weekly priorities and section milestones for Calculus 1.', '2026-04-27 10:00:00'),
    (142, 4, 'MAT250 Section 01 Update', 'Stay aligned on weekly priorities and section milestones for Calculus 3.', '2026-04-26 10:00:00'),
    (143, 5, 'MAT250 Section 02 Update', 'Stay aligned on weekly priorities and section milestones for Calculus 3.', '2026-04-27 10:00:00'),
    (144, 6, 'MAT250 Section 03 Update', 'Stay aligned on weekly priorities and section milestones for Calculus 3.', '2026-04-26 10:00:00'),
    (145, 7, 'MAT250 Section 04 Update', 'Stay aligned on weekly priorities and section milestones for Calculus 3.', '2026-04-27 10:00:00'),
    (146, 8, 'MAT250 Section 05 Update', 'Stay aligned on weekly priorities and section milestones for Calculus 3.', '2026-04-26 10:00:00'),
    (147, 4, 'MAT250 Section 06 Update', 'Stay aligned on weekly priorities and section milestones for Calculus 3.', '2026-04-27 10:00:00'),
    (148, 5, 'MAT250 Section 07 Update', 'Stay aligned on weekly priorities and section milestones for Calculus 3.', '2026-04-26 10:00:00'),
    (149, 6, 'MAT250 Section 08 Update', 'Stay aligned on weekly priorities and section milestones for Calculus 3.', '2026-04-27 10:00:00'),
    (150, 7, 'MAT250 Section 09 Update', 'Stay aligned on weekly priorities and section milestones for Calculus 3.', '2026-04-26 10:00:00'),
    (151, 8, 'MAT250 Section 10 Update', 'Stay aligned on weekly priorities and section milestones for Calculus 3.', '2026-04-27 10:00:00'),
    (152, 4, 'MAT250 Section 11 Update', 'Stay aligned on weekly priorities and section milestones for Calculus 3.', '2026-04-26 10:00:00'),
    (153, 5, 'MAT250 Section 12 Update', 'Stay aligned on weekly priorities and section milestones for Calculus 3.', '2026-04-27 10:00:00'),
    (154, 5, 'MAT350 Section 01 Update', 'Stay aligned on weekly priorities and section milestones for Engineering Mathematics.', '2026-04-26 10:00:00'),
    (155, 6, 'MAT350 Section 02 Update', 'Stay aligned on weekly priorities and section milestones for Engineering Mathematics.', '2026-04-27 10:00:00'),
    (156, 7, 'MAT350 Section 03 Update', 'Stay aligned on weekly priorities and section milestones for Engineering Mathematics.', '2026-04-26 10:00:00'),
    (157, 8, 'MAT350 Section 04 Update', 'Stay aligned on weekly priorities and section milestones for Engineering Mathematics.', '2026-04-27 10:00:00'),
    (158, 4, 'MAT350 Section 05 Update', 'Stay aligned on weekly priorities and section milestones for Engineering Mathematics.', '2026-04-26 10:00:00'),
    (159, 5, 'MAT350 Section 06 Update', 'Stay aligned on weekly priorities and section milestones for Engineering Mathematics.', '2026-04-27 10:00:00'),
    (160, 6, 'MAT350 Section 07 Update', 'Stay aligned on weekly priorities and section milestones for Engineering Mathematics.', '2026-04-26 10:00:00'),
    (161, 7, 'MAT350 Section 08 Update', 'Stay aligned on weekly priorities and section milestones for Engineering Mathematics.', '2026-04-27 10:00:00'),
    (162, 6, 'MAT361 Section 01 Update', 'Stay aligned on weekly priorities and section milestones for Probability and Statistics.', '2026-04-26 10:00:00'),
    (163, 7, 'MAT361 Section 02 Update', 'Stay aligned on weekly priorities and section milestones for Probability and Statistics.', '2026-04-27 10:00:00'),
    (164, 8, 'MAT361 Section 03 Update', 'Stay aligned on weekly priorities and section milestones for Probability and Statistics.', '2026-04-26 10:00:00'),
    (165, 4, 'MAT361 Section 04 Update', 'Stay aligned on weekly priorities and section milestones for Probability and Statistics.', '2026-04-27 10:00:00'),
    (166, 5, 'MAT361 Section 05 Update', 'Stay aligned on weekly priorities and section milestones for Probability and Statistics.', '2026-04-26 10:00:00'),
    (167, 6, 'MAT361 Section 06 Update', 'Stay aligned on weekly priorities and section milestones for Probability and Statistics.', '2026-04-27 10:00:00'),
    (168, 7, 'MAT361 Section 07 Update', 'Stay aligned on weekly priorities and section milestones for Probability and Statistics.', '2026-04-26 10:00:00');

INSERT INTO course_materials (section_id, title, description, file_path, created_by, created_at) VALUES
    (1, 'CSE115 Launch Brief', 'Core starter resource pack for CSE115 Section 01.', '/materials/cse115_01_brief.pdf', 4, '2026-04-27 11:00:00'),
    (2, 'CSE115 Launch Brief', 'Core starter resource pack for CSE115 Section 02.', '/materials/cse115_02_brief.pdf', 5, '2026-04-26 11:00:00'),
    (3, 'CSE115 Launch Brief', 'Core starter resource pack for CSE115 Section 03.', '/materials/cse115_03_brief.pdf', 6, '2026-04-27 11:00:00'),
    (4, 'CSE115 Launch Brief', 'Core starter resource pack for CSE115 Section 04.', '/materials/cse115_04_brief.pdf', 7, '2026-04-26 11:00:00'),
    (5, 'CSE115 Launch Brief', 'Core starter resource pack for CSE115 Section 05.', '/materials/cse115_05_brief.pdf', 8, '2026-04-27 11:00:00'),
    (6, 'CSE115 Launch Brief', 'Core starter resource pack for CSE115 Section 06.', '/materials/cse115_06_brief.pdf', 4, '2026-04-26 11:00:00'),
    (7, 'CSE115 Launch Brief', 'Core starter resource pack for CSE115 Section 07.', '/materials/cse115_07_brief.pdf', 5, '2026-04-27 11:00:00'),
    (8, 'CSE115 Launch Brief', 'Core starter resource pack for CSE115 Section 08.', '/materials/cse115_08_brief.pdf', 6, '2026-04-26 11:00:00'),
    (9, 'CSE115 Launch Brief', 'Core starter resource pack for CSE115 Section 09.', '/materials/cse115_09_brief.pdf', 7, '2026-04-27 11:00:00'),
    (10, 'CSE115 Launch Brief', 'Core starter resource pack for CSE115 Section 10.', '/materials/cse115_10_brief.pdf', 8, '2026-04-26 11:00:00'),
    (11, 'CSE115 Launch Brief', 'Core starter resource pack for CSE115 Section 11.', '/materials/cse115_11_brief.pdf', 4, '2026-04-27 11:00:00'),
    (12, 'CSE115 Launch Brief', 'Core starter resource pack for CSE115 Section 12.', '/materials/cse115_12_brief.pdf', 5, '2026-04-26 11:00:00'),
    (13, 'CSE115 Launch Brief', 'Core starter resource pack for CSE115 Section 13.', '/materials/cse115_13_brief.pdf', 6, '2026-04-27 11:00:00'),
    (14, 'CSE115 Launch Brief', 'Core starter resource pack for CSE115 Section 14.', '/materials/cse115_14_brief.pdf', 7, '2026-04-26 11:00:00'),
    (15, 'CSE115 Launch Brief', 'Core starter resource pack for CSE115 Section 15.', '/materials/cse115_15_brief.pdf', 8, '2026-04-27 11:00:00'),
    (16, 'CSE115 Launch Brief', 'Core starter resource pack for CSE115 Section 16.', '/materials/cse115_16_brief.pdf', 4, '2026-04-26 11:00:00'),
    (17, 'CSE115 Launch Brief', 'Core starter resource pack for CSE115 Section 17.', '/materials/cse115_17_brief.pdf', 5, '2026-04-27 11:00:00'),
    (18, 'CSE115 Launch Brief', 'Core starter resource pack for CSE115 Section 18.', '/materials/cse115_18_brief.pdf', 6, '2026-04-26 11:00:00'),
    (19, 'CSE115 Launch Brief', 'Core starter resource pack for CSE115 Section 19.', '/materials/cse115_19_brief.pdf', 7, '2026-04-27 11:00:00'),
    (20, 'CSE115 Launch Brief', 'Core starter resource pack for CSE115 Section 20.', '/materials/cse115_20_brief.pdf', 8, '2026-04-26 11:00:00'),
    (21, 'CSE115 Launch Brief', 'Core starter resource pack for CSE115 Section 21.', '/materials/cse115_21_brief.pdf', 4, '2026-04-27 11:00:00'),
    (22, 'CSE115 Launch Brief', 'Core starter resource pack for CSE115 Section 22.', '/materials/cse115_22_brief.pdf', 5, '2026-04-26 11:00:00'),
    (23, 'CSE115 Launch Brief', 'Core starter resource pack for CSE115 Section 23.', '/materials/cse115_23_brief.pdf', 6, '2026-04-27 11:00:00'),
    (24, 'CSE115 Launch Brief', 'Core starter resource pack for CSE115 Section 24.', '/materials/cse115_24_brief.pdf', 7, '2026-04-26 11:00:00'),
    (25, 'CSE115 Launch Brief', 'Core starter resource pack for CSE115 Section 25.', '/materials/cse115_25_brief.pdf', 8, '2026-04-27 11:00:00'),
    (26, 'CSE299 Launch Brief', 'Core starter resource pack for CSE299 Section 01.', '/materials/cse299_01_brief.pdf', 5, '2026-04-26 11:00:00'),
    (27, 'CSE299 Launch Brief', 'Core starter resource pack for CSE299 Section 02.', '/materials/cse299_02_brief.pdf', 6, '2026-04-27 11:00:00'),
    (28, 'CSE299 Launch Brief', 'Core starter resource pack for CSE299 Section 03.', '/materials/cse299_03_brief.pdf', 7, '2026-04-26 11:00:00'),
    (29, 'CSE299 Launch Brief', 'Core starter resource pack for CSE299 Section 04.', '/materials/cse299_04_brief.pdf', 8, '2026-04-27 11:00:00'),
    (30, 'CSE299 Launch Brief', 'Core starter resource pack for CSE299 Section 05.', '/materials/cse299_05_brief.pdf', 4, '2026-04-26 11:00:00'),
    (31, 'CSE299 Launch Brief', 'Core starter resource pack for CSE299 Section 06.', '/materials/cse299_06_brief.pdf', 5, '2026-04-27 11:00:00'),
    (32, 'CSE299 Launch Brief', 'Core starter resource pack for CSE299 Section 07.', '/materials/cse299_07_brief.pdf', 6, '2026-04-26 11:00:00'),
    (33, 'CSE299 Launch Brief', 'Core starter resource pack for CSE299 Section 08.', '/materials/cse299_08_brief.pdf', 7, '2026-04-27 11:00:00'),
    (34, 'CSE299 Launch Brief', 'Core starter resource pack for CSE299 Section 09.', '/materials/cse299_09_brief.pdf', 8, '2026-04-26 11:00:00'),
    (35, 'CSE299 Launch Brief', 'Core starter resource pack for CSE299 Section 10.', '/materials/cse299_10_brief.pdf', 4, '2026-04-27 11:00:00'),
    (36, 'CSE299 Launch Brief', 'Core starter resource pack for CSE299 Section 11.', '/materials/cse299_11_brief.pdf', 5, '2026-04-26 11:00:00'),
    (37, 'CSE299 Launch Brief', 'Core starter resource pack for CSE299 Section 12.', '/materials/cse299_12_brief.pdf', 6, '2026-04-27 11:00:00'),
    (38, 'CSE323 Launch Brief', 'Core starter resource pack for CSE323 Section 01.', '/materials/cse323_01_brief.pdf', 6, '2026-04-26 11:00:00'),
    (39, 'CSE323 Launch Brief', 'Core starter resource pack for CSE323 Section 02.', '/materials/cse323_02_brief.pdf', 7, '2026-04-27 11:00:00'),
    (40, 'CSE323 Launch Brief', 'Core starter resource pack for CSE323 Section 03.', '/materials/cse323_03_brief.pdf', 8, '2026-04-26 11:00:00'),
    (41, 'CSE323 Launch Brief', 'Core starter resource pack for CSE323 Section 04.', '/materials/cse323_04_brief.pdf', 4, '2026-04-27 11:00:00'),
    (42, 'CSE323 Launch Brief', 'Core starter resource pack for CSE323 Section 05.', '/materials/cse323_05_brief.pdf', 5, '2026-04-26 11:00:00'),
    (43, 'CSE323 Launch Brief', 'Core starter resource pack for CSE323 Section 06.', '/materials/cse323_06_brief.pdf', 6, '2026-04-27 11:00:00'),
    (44, 'CSE323 Launch Brief', 'Core starter resource pack for CSE323 Section 07.', '/materials/cse323_07_brief.pdf', 7, '2026-04-26 11:00:00'),
    (45, 'CSE323 Launch Brief', 'Core starter resource pack for CSE323 Section 08.', '/materials/cse323_08_brief.pdf', 8, '2026-04-27 11:00:00'),
    (46, 'CSE323 Launch Brief', 'Core starter resource pack for CSE323 Section 09.', '/materials/cse323_09_brief.pdf', 4, '2026-04-26 11:00:00'),
    (47, 'CSE327 Launch Brief', 'Core starter resource pack for CSE327 Section 01.', '/materials/cse327_01_brief.pdf', 7, '2026-04-27 11:00:00'),
    (48, 'CSE327 Launch Brief', 'Core starter resource pack for CSE327 Section 02.', '/materials/cse327_02_brief.pdf', 8, '2026-04-26 11:00:00'),
    (49, 'CSE327 Launch Brief', 'Core starter resource pack for CSE327 Section 03.', '/materials/cse327_03_brief.pdf', 4, '2026-04-27 11:00:00'),
    (50, 'CSE327 Launch Brief', 'Core starter resource pack for CSE327 Section 04.', '/materials/cse327_04_brief.pdf', 5, '2026-04-26 11:00:00'),
    (51, 'CSE327 Launch Brief', 'Core starter resource pack for CSE327 Section 05.', '/materials/cse327_05_brief.pdf', 6, '2026-04-27 11:00:00'),
    (52, 'CSE327 Launch Brief', 'Core starter resource pack for CSE327 Section 06.', '/materials/cse327_06_brief.pdf', 7, '2026-04-26 11:00:00'),
    (53, 'CSE327 Launch Brief', 'Core starter resource pack for CSE327 Section 07.', '/materials/cse327_07_brief.pdf', 8, '2026-04-27 11:00:00'),
    (54, 'CSE327 Launch Brief', 'Core starter resource pack for CSE327 Section 08.', '/materials/cse327_08_brief.pdf', 4, '2026-04-26 11:00:00'),
    (55, 'CSE468 Launch Brief', 'Core starter resource pack for CSE468 Section 01.', '/materials/cse468_01_brief.pdf', 8, '2026-04-27 11:00:00'),
    (56, 'CSE468 Launch Brief', 'Core starter resource pack for CSE468 Section 02.', '/materials/cse468_02_brief.pdf', 4, '2026-04-26 11:00:00'),
    (57, 'CSE468 Launch Brief', 'Core starter resource pack for CSE468 Section 03.', '/materials/cse468_03_brief.pdf', 5, '2026-04-27 11:00:00'),
    (58, 'CSE468 Launch Brief', 'Core starter resource pack for CSE468 Section 04.', '/materials/cse468_04_brief.pdf', 6, '2026-04-26 11:00:00'),
    (59, 'CSE468 Launch Brief', 'Core starter resource pack for CSE468 Section 05.', '/materials/cse468_05_brief.pdf', 7, '2026-04-27 11:00:00'),
    (60, 'CSE468 Launch Brief', 'Core starter resource pack for CSE468 Section 06.', '/materials/cse468_06_brief.pdf', 8, '2026-04-26 11:00:00'),
    (61, 'CSE499 Launch Brief', 'Core starter resource pack for CSE499 Section 01.', '/materials/cse499_01_brief.pdf', 4, '2026-04-27 11:00:00'),
    (62, 'CSE499 Launch Brief', 'Core starter resource pack for CSE499 Section 02.', '/materials/cse499_02_brief.pdf', 5, '2026-04-26 11:00:00'),
    (63, 'CSE499 Launch Brief', 'Core starter resource pack for CSE499 Section 03.', '/materials/cse499_03_brief.pdf', 6, '2026-04-27 11:00:00'),
    (64, 'CSE499 Launch Brief', 'Core starter resource pack for CSE499 Section 04.', '/materials/cse499_04_brief.pdf', 7, '2026-04-26 11:00:00'),
    (65, 'CSE499 Launch Brief', 'Core starter resource pack for CSE499 Section 05.', '/materials/cse499_05_brief.pdf', 8, '2026-04-27 11:00:00'),
    (66, 'ENG111 Launch Brief', 'Core starter resource pack for ENG111 Section 01.', '/materials/eng111_01_brief.pdf', 5, '2026-04-26 11:00:00'),
    (67, 'ENG111 Launch Brief', 'Core starter resource pack for ENG111 Section 02.', '/materials/eng111_02_brief.pdf', 6, '2026-04-27 11:00:00'),
    (68, 'ENG111 Launch Brief', 'Core starter resource pack for ENG111 Section 03.', '/materials/eng111_03_brief.pdf', 7, '2026-04-26 11:00:00'),
    (69, 'ENG111 Launch Brief', 'Core starter resource pack for ENG111 Section 04.', '/materials/eng111_04_brief.pdf', 8, '2026-04-27 11:00:00'),
    (70, 'ENG111 Launch Brief', 'Core starter resource pack for ENG111 Section 05.', '/materials/eng111_05_brief.pdf', 4, '2026-04-26 11:00:00'),
    (71, 'ENG111 Launch Brief', 'Core starter resource pack for ENG111 Section 06.', '/materials/eng111_06_brief.pdf', 5, '2026-04-27 11:00:00'),
    (72, 'ENG111 Launch Brief', 'Core starter resource pack for ENG111 Section 07.', '/materials/eng111_07_brief.pdf', 6, '2026-04-26 11:00:00'),
    (73, 'ENG111 Launch Brief', 'Core starter resource pack for ENG111 Section 08.', '/materials/eng111_08_brief.pdf', 7, '2026-04-27 11:00:00'),
    (74, 'ENG111 Launch Brief', 'Core starter resource pack for ENG111 Section 09.', '/materials/eng111_09_brief.pdf', 8, '2026-04-26 11:00:00'),
    (75, 'ENG111 Launch Brief', 'Core starter resource pack for ENG111 Section 10.', '/materials/eng111_10_brief.pdf', 4, '2026-04-27 11:00:00'),
    (76, 'ENG111 Launch Brief', 'Core starter resource pack for ENG111 Section 11.', '/materials/eng111_11_brief.pdf', 5, '2026-04-26 11:00:00'),
    (77, 'ENG111 Launch Brief', 'Core starter resource pack for ENG111 Section 12.', '/materials/eng111_12_brief.pdf', 6, '2026-04-27 11:00:00'),
    (78, 'ENG111 Launch Brief', 'Core starter resource pack for ENG111 Section 13.', '/materials/eng111_13_brief.pdf', 7, '2026-04-26 11:00:00'),
    (79, 'ENG111 Launch Brief', 'Core starter resource pack for ENG111 Section 14.', '/materials/eng111_14_brief.pdf', 8, '2026-04-27 11:00:00'),
    (80, 'ENG111 Launch Brief', 'Core starter resource pack for ENG111 Section 15.', '/materials/eng111_15_brief.pdf', 4, '2026-04-26 11:00:00'),
    (81, 'ENG111 Launch Brief', 'Core starter resource pack for ENG111 Section 16.', '/materials/eng111_16_brief.pdf', 5, '2026-04-27 11:00:00'),
    (82, 'ENG111 Launch Brief', 'Core starter resource pack for ENG111 Section 17.', '/materials/eng111_17_brief.pdf', 6, '2026-04-26 11:00:00'),
    (83, 'ENG111 Launch Brief', 'Core starter resource pack for ENG111 Section 18.', '/materials/eng111_18_brief.pdf', 7, '2026-04-27 11:00:00'),
    (84, 'ENG111 Launch Brief', 'Core starter resource pack for ENG111 Section 19.', '/materials/eng111_19_brief.pdf', 8, '2026-04-26 11:00:00'),
    (85, 'ENG111 Launch Brief', 'Core starter resource pack for ENG111 Section 20.', '/materials/eng111_20_brief.pdf', 4, '2026-04-27 11:00:00'),
    (86, 'ENG115 Launch Brief', 'Core starter resource pack for ENG115 Section 01.', '/materials/eng115_01_brief.pdf', 6, '2026-04-26 11:00:00'),
    (87, 'ENG115 Launch Brief', 'Core starter resource pack for ENG115 Section 02.', '/materials/eng115_02_brief.pdf', 7, '2026-04-27 11:00:00'),
    (88, 'ENG115 Launch Brief', 'Core starter resource pack for ENG115 Section 03.', '/materials/eng115_03_brief.pdf', 8, '2026-04-26 11:00:00'),
    (89, 'ENG115 Launch Brief', 'Core starter resource pack for ENG115 Section 04.', '/materials/eng115_04_brief.pdf', 4, '2026-04-27 11:00:00'),
    (90, 'ENG115 Launch Brief', 'Core starter resource pack for ENG115 Section 05.', '/materials/eng115_05_brief.pdf', 5, '2026-04-26 11:00:00'),
    (91, 'ENG115 Launch Brief', 'Core starter resource pack for ENG115 Section 06.', '/materials/eng115_06_brief.pdf', 6, '2026-04-27 11:00:00'),
    (92, 'ENG115 Launch Brief', 'Core starter resource pack for ENG115 Section 07.', '/materials/eng115_07_brief.pdf', 7, '2026-04-26 11:00:00'),
    (93, 'ENG115 Launch Brief', 'Core starter resource pack for ENG115 Section 08.', '/materials/eng115_08_brief.pdf', 8, '2026-04-27 11:00:00'),
    (94, 'ENG115 Launch Brief', 'Core starter resource pack for ENG115 Section 09.', '/materials/eng115_09_brief.pdf', 4, '2026-04-26 11:00:00'),
    (95, 'ENG115 Launch Brief', 'Core starter resource pack for ENG115 Section 10.', '/materials/eng115_10_brief.pdf', 5, '2026-04-27 11:00:00'),
    (96, 'ENG115 Launch Brief', 'Core starter resource pack for ENG115 Section 11.', '/materials/eng115_11_brief.pdf', 6, '2026-04-26 11:00:00'),
    (97, 'ENG115 Launch Brief', 'Core starter resource pack for ENG115 Section 12.', '/materials/eng115_12_brief.pdf', 7, '2026-04-27 11:00:00'),
    (98, 'ENG115 Launch Brief', 'Core starter resource pack for ENG115 Section 13.', '/materials/eng115_13_brief.pdf', 8, '2026-04-26 11:00:00'),
    (99, 'ENG115 Launch Brief', 'Core starter resource pack for ENG115 Section 14.', '/materials/eng115_14_brief.pdf', 4, '2026-04-27 11:00:00'),
    (100, 'ENG115 Launch Brief', 'Core starter resource pack for ENG115 Section 15.', '/materials/eng115_15_brief.pdf', 5, '2026-04-26 11:00:00'),
    (101, 'ENG115 Launch Brief', 'Core starter resource pack for ENG115 Section 16.', '/materials/eng115_16_brief.pdf', 6, '2026-04-27 11:00:00'),
    (102, 'ENG115 Launch Brief', 'Core starter resource pack for ENG115 Section 17.', '/materials/eng115_17_brief.pdf', 7, '2026-04-26 11:00:00'),
    (103, 'ENG115 Launch Brief', 'Core starter resource pack for ENG115 Section 18.', '/materials/eng115_18_brief.pdf', 8, '2026-04-27 11:00:00'),
    (104, 'MAT16 Launch Brief', 'Core starter resource pack for MAT16 Section 01.', '/materials/mat16_01_brief.pdf', 7, '2026-04-26 11:00:00'),
    (105, 'MAT16 Launch Brief', 'Core starter resource pack for MAT16 Section 02.', '/materials/mat16_02_brief.pdf', 8, '2026-04-27 11:00:00'),
    (106, 'MAT16 Launch Brief', 'Core starter resource pack for MAT16 Section 03.', '/materials/mat16_03_brief.pdf', 4, '2026-04-26 11:00:00'),
    (107, 'MAT16 Launch Brief', 'Core starter resource pack for MAT16 Section 04.', '/materials/mat16_04_brief.pdf', 5, '2026-04-27 11:00:00'),
    (108, 'MAT16 Launch Brief', 'Core starter resource pack for MAT16 Section 05.', '/materials/mat16_05_brief.pdf', 6, '2026-04-26 11:00:00'),
    (109, 'MAT16 Launch Brief', 'Core starter resource pack for MAT16 Section 06.', '/materials/mat16_06_brief.pdf', 7, '2026-04-27 11:00:00'),
    (110, 'MAT16 Launch Brief', 'Core starter resource pack for MAT16 Section 07.', '/materials/mat16_07_brief.pdf', 8, '2026-04-26 11:00:00'),
    (111, 'MAT16 Launch Brief', 'Core starter resource pack for MAT16 Section 08.', '/materials/mat16_08_brief.pdf', 4, '2026-04-27 11:00:00'),
    (112, 'MAT16 Launch Brief', 'Core starter resource pack for MAT16 Section 09.', '/materials/mat16_09_brief.pdf', 5, '2026-04-26 11:00:00'),
    (113, 'MAT16 Launch Brief', 'Core starter resource pack for MAT16 Section 10.', '/materials/mat16_10_brief.pdf', 6, '2026-04-27 11:00:00'),
    (114, 'MAT16 Launch Brief', 'Core starter resource pack for MAT16 Section 11.', '/materials/mat16_11_brief.pdf', 7, '2026-04-26 11:00:00'),
    (115, 'MAT16 Launch Brief', 'Core starter resource pack for MAT16 Section 12.', '/materials/mat16_12_brief.pdf', 8, '2026-04-27 11:00:00'),
    (116, 'MAT16 Launch Brief', 'Core starter resource pack for MAT16 Section 13.', '/materials/mat16_13_brief.pdf', 4, '2026-04-26 11:00:00'),
    (117, 'MAT16 Launch Brief', 'Core starter resource pack for MAT16 Section 14.', '/materials/mat16_14_brief.pdf', 5, '2026-04-27 11:00:00'),
    (118, 'MAT16 Launch Brief', 'Core starter resource pack for MAT16 Section 15.', '/materials/mat16_15_brief.pdf', 6, '2026-04-26 11:00:00'),
    (119, 'MAT16 Launch Brief', 'Core starter resource pack for MAT16 Section 16.', '/materials/mat16_16_brief.pdf', 7, '2026-04-27 11:00:00'),
    (120, 'MAT16 Launch Brief', 'Core starter resource pack for MAT16 Section 17.', '/materials/mat16_17_brief.pdf', 8, '2026-04-26 11:00:00'),
    (121, 'MAT16 Launch Brief', 'Core starter resource pack for MAT16 Section 18.', '/materials/mat16_18_brief.pdf', 4, '2026-04-27 11:00:00'),
    (122, 'MAT16 Launch Brief', 'Core starter resource pack for MAT16 Section 19.', '/materials/mat16_19_brief.pdf', 5, '2026-04-26 11:00:00'),
    (123, 'MAT16 Launch Brief', 'Core starter resource pack for MAT16 Section 20.', '/materials/mat16_20_brief.pdf', 6, '2026-04-27 11:00:00'),
    (124, 'MAT120 Launch Brief', 'Core starter resource pack for MAT120 Section 01.', '/materials/mat120_01_brief.pdf', 8, '2026-04-26 11:00:00'),
    (125, 'MAT120 Launch Brief', 'Core starter resource pack for MAT120 Section 02.', '/materials/mat120_02_brief.pdf', 4, '2026-04-27 11:00:00'),
    (126, 'MAT120 Launch Brief', 'Core starter resource pack for MAT120 Section 03.', '/materials/mat120_03_brief.pdf', 5, '2026-04-26 11:00:00'),
    (127, 'MAT120 Launch Brief', 'Core starter resource pack for MAT120 Section 04.', '/materials/mat120_04_brief.pdf', 6, '2026-04-27 11:00:00'),
    (128, 'MAT120 Launch Brief', 'Core starter resource pack for MAT120 Section 05.', '/materials/mat120_05_brief.pdf', 7, '2026-04-26 11:00:00'),
    (129, 'MAT120 Launch Brief', 'Core starter resource pack for MAT120 Section 06.', '/materials/mat120_06_brief.pdf', 8, '2026-04-27 11:00:00'),
    (130, 'MAT120 Launch Brief', 'Core starter resource pack for MAT120 Section 07.', '/materials/mat120_07_brief.pdf', 4, '2026-04-26 11:00:00'),
    (131, 'MAT120 Launch Brief', 'Core starter resource pack for MAT120 Section 08.', '/materials/mat120_08_brief.pdf', 5, '2026-04-27 11:00:00'),
    (132, 'MAT120 Launch Brief', 'Core starter resource pack for MAT120 Section 09.', '/materials/mat120_09_brief.pdf', 6, '2026-04-26 11:00:00'),
    (133, 'MAT120 Launch Brief', 'Core starter resource pack for MAT120 Section 10.', '/materials/mat120_10_brief.pdf', 7, '2026-04-27 11:00:00'),
    (134, 'MAT120 Launch Brief', 'Core starter resource pack for MAT120 Section 11.', '/materials/mat120_11_brief.pdf', 8, '2026-04-26 11:00:00'),
    (135, 'MAT120 Launch Brief', 'Core starter resource pack for MAT120 Section 12.', '/materials/mat120_12_brief.pdf', 4, '2026-04-27 11:00:00'),
    (136, 'MAT120 Launch Brief', 'Core starter resource pack for MAT120 Section 13.', '/materials/mat120_13_brief.pdf', 5, '2026-04-26 11:00:00'),
    (137, 'MAT120 Launch Brief', 'Core starter resource pack for MAT120 Section 14.', '/materials/mat120_14_brief.pdf', 6, '2026-04-27 11:00:00'),
    (138, 'MAT120 Launch Brief', 'Core starter resource pack for MAT120 Section 15.', '/materials/mat120_15_brief.pdf', 7, '2026-04-26 11:00:00'),
    (139, 'MAT120 Launch Brief', 'Core starter resource pack for MAT120 Section 16.', '/materials/mat120_16_brief.pdf', 8, '2026-04-27 11:00:00'),
    (140, 'MAT120 Launch Brief', 'Core starter resource pack for MAT120 Section 17.', '/materials/mat120_17_brief.pdf', 4, '2026-04-26 11:00:00'),
    (141, 'MAT120 Launch Brief', 'Core starter resource pack for MAT120 Section 18.', '/materials/mat120_18_brief.pdf', 5, '2026-04-27 11:00:00'),
    (142, 'MAT250 Launch Brief', 'Core starter resource pack for MAT250 Section 01.', '/materials/mat250_01_brief.pdf', 4, '2026-04-26 11:00:00'),
    (143, 'MAT250 Launch Brief', 'Core starter resource pack for MAT250 Section 02.', '/materials/mat250_02_brief.pdf', 5, '2026-04-27 11:00:00'),
    (144, 'MAT250 Launch Brief', 'Core starter resource pack for MAT250 Section 03.', '/materials/mat250_03_brief.pdf', 6, '2026-04-26 11:00:00'),
    (145, 'MAT250 Launch Brief', 'Core starter resource pack for MAT250 Section 04.', '/materials/mat250_04_brief.pdf', 7, '2026-04-27 11:00:00'),
    (146, 'MAT250 Launch Brief', 'Core starter resource pack for MAT250 Section 05.', '/materials/mat250_05_brief.pdf', 8, '2026-04-26 11:00:00'),
    (147, 'MAT250 Launch Brief', 'Core starter resource pack for MAT250 Section 06.', '/materials/mat250_06_brief.pdf', 4, '2026-04-27 11:00:00'),
    (148, 'MAT250 Launch Brief', 'Core starter resource pack for MAT250 Section 07.', '/materials/mat250_07_brief.pdf', 5, '2026-04-26 11:00:00'),
    (149, 'MAT250 Launch Brief', 'Core starter resource pack for MAT250 Section 08.', '/materials/mat250_08_brief.pdf', 6, '2026-04-27 11:00:00'),
    (150, 'MAT250 Launch Brief', 'Core starter resource pack for MAT250 Section 09.', '/materials/mat250_09_brief.pdf', 7, '2026-04-26 11:00:00'),
    (151, 'MAT250 Launch Brief', 'Core starter resource pack for MAT250 Section 10.', '/materials/mat250_10_brief.pdf', 8, '2026-04-27 11:00:00'),
    (152, 'MAT250 Launch Brief', 'Core starter resource pack for MAT250 Section 11.', '/materials/mat250_11_brief.pdf', 4, '2026-04-26 11:00:00'),
    (153, 'MAT250 Launch Brief', 'Core starter resource pack for MAT250 Section 12.', '/materials/mat250_12_brief.pdf', 5, '2026-04-27 11:00:00'),
    (154, 'MAT350 Launch Brief', 'Core starter resource pack for MAT350 Section 01.', '/materials/mat350_01_brief.pdf', 5, '2026-04-26 11:00:00'),
    (155, 'MAT350 Launch Brief', 'Core starter resource pack for MAT350 Section 02.', '/materials/mat350_02_brief.pdf', 6, '2026-04-27 11:00:00'),
    (156, 'MAT350 Launch Brief', 'Core starter resource pack for MAT350 Section 03.', '/materials/mat350_03_brief.pdf', 7, '2026-04-26 11:00:00'),
    (157, 'MAT350 Launch Brief', 'Core starter resource pack for MAT350 Section 04.', '/materials/mat350_04_brief.pdf', 8, '2026-04-27 11:00:00'),
    (158, 'MAT350 Launch Brief', 'Core starter resource pack for MAT350 Section 05.', '/materials/mat350_05_brief.pdf', 4, '2026-04-26 11:00:00'),
    (159, 'MAT350 Launch Brief', 'Core starter resource pack for MAT350 Section 06.', '/materials/mat350_06_brief.pdf', 5, '2026-04-27 11:00:00'),
    (160, 'MAT350 Launch Brief', 'Core starter resource pack for MAT350 Section 07.', '/materials/mat350_07_brief.pdf', 6, '2026-04-26 11:00:00'),
    (161, 'MAT350 Launch Brief', 'Core starter resource pack for MAT350 Section 08.', '/materials/mat350_08_brief.pdf', 7, '2026-04-27 11:00:00'),
    (162, 'MAT361 Launch Brief', 'Core starter resource pack for MAT361 Section 01.', '/materials/mat361_01_brief.pdf', 6, '2026-04-26 11:00:00'),
    (163, 'MAT361 Launch Brief', 'Core starter resource pack for MAT361 Section 02.', '/materials/mat361_02_brief.pdf', 7, '2026-04-27 11:00:00'),
    (164, 'MAT361 Launch Brief', 'Core starter resource pack for MAT361 Section 03.', '/materials/mat361_03_brief.pdf', 8, '2026-04-26 11:00:00'),
    (165, 'MAT361 Launch Brief', 'Core starter resource pack for MAT361 Section 04.', '/materials/mat361_04_brief.pdf', 4, '2026-04-27 11:00:00'),
    (166, 'MAT361 Launch Brief', 'Core starter resource pack for MAT361 Section 05.', '/materials/mat361_05_brief.pdf', 5, '2026-04-26 11:00:00'),
    (167, 'MAT361 Launch Brief', 'Core starter resource pack for MAT361 Section 06.', '/materials/mat361_06_brief.pdf', 6, '2026-04-27 11:00:00'),
    (168, 'MAT361 Launch Brief', 'Core starter resource pack for MAT361 Section 07.', '/materials/mat361_07_brief.pdf', 7, '2026-04-26 11:00:00');

INSERT INTO assessments (id, section_id, title, description, assessment_type, due_at, max_score, created_by, created_at) VALUES
    (1, 1, 'CSE115 Assignment 01', 'Assignment assessment for CSE115 Section 01.', 'assignment', '2026-05-06 11:00', 100, 4, '2026-04-27 12:00:00'),
    (2, 1, 'CSE115 Quiz 01', 'Quiz assessment for CSE115 Section 01.', 'quiz', '2026-05-09 11:00', 20, 4, '2026-04-27 12:00:00'),
    (3, 1, 'CSE115 Exam 01', 'Exam assessment for CSE115 Section 01.', 'exam', '2026-05-15 11:00', 100, 4, '2026-04-27 12:00:00'),
    (4, 2, 'CSE115 Assignment 02', 'Assignment assessment for CSE115 Section 02.', 'assignment', '2026-05-07 11:00', 100, 5, '2026-04-26 12:00:00'),
    (5, 2, 'CSE115 Quiz 02', 'Quiz assessment for CSE115 Section 02.', 'quiz', '2026-05-10 11:00', 20, 5, '2026-04-26 12:00:00'),
    (6, 2, 'CSE115 Exam 02', 'Exam assessment for CSE115 Section 02.', 'exam', '2026-05-16 11:00', 100, 5, '2026-04-26 12:00:00'),
    (7, 3, 'CSE115 Assignment 03', 'Assignment assessment for CSE115 Section 03.', 'assignment', '2026-05-08 11:00', 100, 6, '2026-04-27 12:00:00'),
    (8, 3, 'CSE115 Quiz 03', 'Quiz assessment for CSE115 Section 03.', 'quiz', '2026-05-11 11:00', 20, 6, '2026-04-27 12:00:00'),
    (9, 3, 'CSE115 Exam 03', 'Exam assessment for CSE115 Section 03.', 'exam', '2026-05-17 11:00', 100, 6, '2026-04-27 12:00:00'),
    (10, 4, 'CSE115 Assignment 04', 'Assignment assessment for CSE115 Section 04.', 'assignment', '2026-05-09 11:00', 100, 7, '2026-04-26 12:00:00'),
    (11, 4, 'CSE115 Quiz 04', 'Quiz assessment for CSE115 Section 04.', 'quiz', '2026-05-12 11:00', 20, 7, '2026-04-26 12:00:00'),
    (12, 4, 'CSE115 Exam 04', 'Exam assessment for CSE115 Section 04.', 'exam', '2026-05-18 11:00', 100, 7, '2026-04-26 12:00:00'),
    (13, 5, 'CSE115 Assignment 05', 'Assignment assessment for CSE115 Section 05.', 'assignment', '2026-05-05 11:00', 100, 8, '2026-04-27 12:00:00'),
    (14, 5, 'CSE115 Quiz 05', 'Quiz assessment for CSE115 Section 05.', 'quiz', '2026-05-08 11:00', 20, 8, '2026-04-27 12:00:00'),
    (15, 5, 'CSE115 Exam 05', 'Exam assessment for CSE115 Section 05.', 'exam', '2026-05-14 11:00', 100, 8, '2026-04-27 12:00:00'),
    (16, 6, 'CSE115 Assignment 06', 'Assignment assessment for CSE115 Section 06.', 'assignment', '2026-05-06 11:00', 100, 4, '2026-04-26 12:00:00'),
    (17, 6, 'CSE115 Quiz 06', 'Quiz assessment for CSE115 Section 06.', 'quiz', '2026-05-09 11:00', 20, 4, '2026-04-26 12:00:00'),
    (18, 6, 'CSE115 Exam 06', 'Exam assessment for CSE115 Section 06.', 'exam', '2026-05-15 11:00', 100, 4, '2026-04-26 12:00:00'),
    (19, 7, 'CSE115 Assignment 07', 'Assignment assessment for CSE115 Section 07.', 'assignment', '2026-05-07 11:00', 100, 5, '2026-04-27 12:00:00'),
    (20, 7, 'CSE115 Quiz 07', 'Quiz assessment for CSE115 Section 07.', 'quiz', '2026-05-10 11:00', 20, 5, '2026-04-27 12:00:00'),
    (21, 7, 'CSE115 Exam 07', 'Exam assessment for CSE115 Section 07.', 'exam', '2026-05-16 11:00', 100, 5, '2026-04-27 12:00:00'),
    (22, 8, 'CSE115 Assignment 08', 'Assignment assessment for CSE115 Section 08.', 'assignment', '2026-05-08 11:00', 100, 6, '2026-04-26 12:00:00'),
    (23, 8, 'CSE115 Quiz 08', 'Quiz assessment for CSE115 Section 08.', 'quiz', '2026-05-11 11:00', 20, 6, '2026-04-26 12:00:00'),
    (24, 8, 'CSE115 Exam 08', 'Exam assessment for CSE115 Section 08.', 'exam', '2026-05-17 11:00', 100, 6, '2026-04-26 12:00:00'),
    (25, 9, 'CSE115 Assignment 09', 'Assignment assessment for CSE115 Section 09.', 'assignment', '2026-05-09 11:00', 100, 7, '2026-04-27 12:00:00'),
    (26, 9, 'CSE115 Quiz 09', 'Quiz assessment for CSE115 Section 09.', 'quiz', '2026-05-12 11:00', 20, 7, '2026-04-27 12:00:00'),
    (27, 9, 'CSE115 Exam 09', 'Exam assessment for CSE115 Section 09.', 'exam', '2026-05-18 11:00', 100, 7, '2026-04-27 12:00:00'),
    (28, 10, 'CSE115 Assignment 10', 'Assignment assessment for CSE115 Section 10.', 'assignment', '2026-05-05 11:00', 100, 8, '2026-04-26 12:00:00'),
    (29, 10, 'CSE115 Quiz 10', 'Quiz assessment for CSE115 Section 10.', 'quiz', '2026-05-08 11:00', 20, 8, '2026-04-26 12:00:00'),
    (30, 10, 'CSE115 Exam 10', 'Exam assessment for CSE115 Section 10.', 'exam', '2026-05-14 11:00', 100, 8, '2026-04-26 12:00:00'),
    (31, 11, 'CSE115 Assignment 11', 'Assignment assessment for CSE115 Section 11.', 'assignment', '2026-05-06 11:00', 100, 4, '2026-04-27 12:00:00'),
    (32, 11, 'CSE115 Quiz 11', 'Quiz assessment for CSE115 Section 11.', 'quiz', '2026-05-09 11:00', 20, 4, '2026-04-27 12:00:00'),
    (33, 11, 'CSE115 Exam 11', 'Exam assessment for CSE115 Section 11.', 'exam', '2026-05-15 11:00', 100, 4, '2026-04-27 12:00:00'),
    (34, 12, 'CSE115 Assignment 12', 'Assignment assessment for CSE115 Section 12.', 'assignment', '2026-05-07 11:00', 100, 5, '2026-04-26 12:00:00'),
    (35, 12, 'CSE115 Quiz 12', 'Quiz assessment for CSE115 Section 12.', 'quiz', '2026-05-10 11:00', 20, 5, '2026-04-26 12:00:00'),
    (36, 12, 'CSE115 Exam 12', 'Exam assessment for CSE115 Section 12.', 'exam', '2026-05-16 11:00', 100, 5, '2026-04-26 12:00:00'),
    (37, 13, 'CSE115 Assignment 13', 'Assignment assessment for CSE115 Section 13.', 'assignment', '2026-05-08 11:00', 100, 6, '2026-04-27 12:00:00'),
    (38, 13, 'CSE115 Quiz 13', 'Quiz assessment for CSE115 Section 13.', 'quiz', '2026-05-11 11:00', 20, 6, '2026-04-27 12:00:00'),
    (39, 13, 'CSE115 Exam 13', 'Exam assessment for CSE115 Section 13.', 'exam', '2026-05-17 11:00', 100, 6, '2026-04-27 12:00:00'),
    (40, 14, 'CSE115 Assignment 14', 'Assignment assessment for CSE115 Section 14.', 'assignment', '2026-05-09 11:00', 100, 7, '2026-04-26 12:00:00'),
    (41, 14, 'CSE115 Quiz 14', 'Quiz assessment for CSE115 Section 14.', 'quiz', '2026-05-12 11:00', 20, 7, '2026-04-26 12:00:00'),
    (42, 14, 'CSE115 Exam 14', 'Exam assessment for CSE115 Section 14.', 'exam', '2026-05-18 11:00', 100, 7, '2026-04-26 12:00:00'),
    (43, 15, 'CSE115 Assignment 15', 'Assignment assessment for CSE115 Section 15.', 'assignment', '2026-05-05 11:00', 100, 8, '2026-04-27 12:00:00'),
    (44, 15, 'CSE115 Quiz 15', 'Quiz assessment for CSE115 Section 15.', 'quiz', '2026-05-08 11:00', 20, 8, '2026-04-27 12:00:00'),
    (45, 15, 'CSE115 Exam 15', 'Exam assessment for CSE115 Section 15.', 'exam', '2026-05-14 11:00', 100, 8, '2026-04-27 12:00:00'),
    (46, 16, 'CSE115 Assignment 16', 'Assignment assessment for CSE115 Section 16.', 'assignment', '2026-05-06 11:00', 100, 4, '2026-04-26 12:00:00'),
    (47, 16, 'CSE115 Quiz 16', 'Quiz assessment for CSE115 Section 16.', 'quiz', '2026-05-09 11:00', 20, 4, '2026-04-26 12:00:00'),
    (48, 16, 'CSE115 Exam 16', 'Exam assessment for CSE115 Section 16.', 'exam', '2026-05-15 11:00', 100, 4, '2026-04-26 12:00:00'),
    (49, 17, 'CSE115 Assignment 17', 'Assignment assessment for CSE115 Section 17.', 'assignment', '2026-05-07 11:00', 100, 5, '2026-04-27 12:00:00'),
    (50, 17, 'CSE115 Quiz 17', 'Quiz assessment for CSE115 Section 17.', 'quiz', '2026-05-10 11:00', 20, 5, '2026-04-27 12:00:00'),
    (51, 17, 'CSE115 Exam 17', 'Exam assessment for CSE115 Section 17.', 'exam', '2026-05-16 11:00', 100, 5, '2026-04-27 12:00:00'),
    (52, 18, 'CSE115 Assignment 18', 'Assignment assessment for CSE115 Section 18.', 'assignment', '2026-05-08 11:00', 100, 6, '2026-04-26 12:00:00'),
    (53, 18, 'CSE115 Quiz 18', 'Quiz assessment for CSE115 Section 18.', 'quiz', '2026-05-11 11:00', 20, 6, '2026-04-26 12:00:00'),
    (54, 18, 'CSE115 Exam 18', 'Exam assessment for CSE115 Section 18.', 'exam', '2026-05-17 11:00', 100, 6, '2026-04-26 12:00:00'),
    (55, 19, 'CSE115 Assignment 19', 'Assignment assessment for CSE115 Section 19.', 'assignment', '2026-05-09 11:00', 100, 7, '2026-04-27 12:00:00'),
    (56, 19, 'CSE115 Quiz 19', 'Quiz assessment for CSE115 Section 19.', 'quiz', '2026-05-12 11:00', 20, 7, '2026-04-27 12:00:00'),
    (57, 19, 'CSE115 Exam 19', 'Exam assessment for CSE115 Section 19.', 'exam', '2026-05-18 11:00', 100, 7, '2026-04-27 12:00:00'),
    (58, 20, 'CSE115 Assignment 20', 'Assignment assessment for CSE115 Section 20.', 'assignment', '2026-05-05 11:00', 100, 8, '2026-04-26 12:00:00'),
    (59, 20, 'CSE115 Quiz 20', 'Quiz assessment for CSE115 Section 20.', 'quiz', '2026-05-08 11:00', 20, 8, '2026-04-26 12:00:00'),
    (60, 20, 'CSE115 Exam 20', 'Exam assessment for CSE115 Section 20.', 'exam', '2026-05-14 11:00', 100, 8, '2026-04-26 12:00:00'),
    (61, 21, 'CSE115 Assignment 21', 'Assignment assessment for CSE115 Section 21.', 'assignment', '2026-05-06 11:00', 100, 4, '2026-04-27 12:00:00'),
    (62, 21, 'CSE115 Quiz 21', 'Quiz assessment for CSE115 Section 21.', 'quiz', '2026-05-09 11:00', 20, 4, '2026-04-27 12:00:00'),
    (63, 21, 'CSE115 Exam 21', 'Exam assessment for CSE115 Section 21.', 'exam', '2026-05-15 11:00', 100, 4, '2026-04-27 12:00:00'),
    (64, 22, 'CSE115 Assignment 22', 'Assignment assessment for CSE115 Section 22.', 'assignment', '2026-05-07 11:00', 100, 5, '2026-04-26 12:00:00'),
    (65, 22, 'CSE115 Quiz 22', 'Quiz assessment for CSE115 Section 22.', 'quiz', '2026-05-10 11:00', 20, 5, '2026-04-26 12:00:00'),
    (66, 22, 'CSE115 Exam 22', 'Exam assessment for CSE115 Section 22.', 'exam', '2026-05-16 11:00', 100, 5, '2026-04-26 12:00:00'),
    (67, 23, 'CSE115 Assignment 23', 'Assignment assessment for CSE115 Section 23.', 'assignment', '2026-05-08 11:00', 100, 6, '2026-04-27 12:00:00'),
    (68, 23, 'CSE115 Quiz 23', 'Quiz assessment for CSE115 Section 23.', 'quiz', '2026-05-11 11:00', 20, 6, '2026-04-27 12:00:00'),
    (69, 23, 'CSE115 Exam 23', 'Exam assessment for CSE115 Section 23.', 'exam', '2026-05-17 11:00', 100, 6, '2026-04-27 12:00:00'),
    (70, 24, 'CSE115 Assignment 24', 'Assignment assessment for CSE115 Section 24.', 'assignment', '2026-05-09 11:00', 100, 7, '2026-04-26 12:00:00'),
    (71, 24, 'CSE115 Quiz 24', 'Quiz assessment for CSE115 Section 24.', 'quiz', '2026-05-12 11:00', 20, 7, '2026-04-26 12:00:00'),
    (72, 24, 'CSE115 Exam 24', 'Exam assessment for CSE115 Section 24.', 'exam', '2026-05-18 11:00', 100, 7, '2026-04-26 12:00:00'),
    (73, 25, 'CSE115 Assignment 25', 'Assignment assessment for CSE115 Section 25.', 'assignment', '2026-05-05 11:00', 100, 8, '2026-04-27 12:00:00'),
    (74, 25, 'CSE115 Quiz 25', 'Quiz assessment for CSE115 Section 25.', 'quiz', '2026-05-08 11:00', 20, 8, '2026-04-27 12:00:00'),
    (75, 25, 'CSE115 Exam 25', 'Exam assessment for CSE115 Section 25.', 'exam', '2026-05-14 11:00', 100, 8, '2026-04-27 12:00:00'),
    (76, 26, 'CSE299 Assignment 01', 'Assignment assessment for CSE299 Section 01.', 'assignment', '2026-05-06 11:00', 100, 5, '2026-04-26 12:00:00'),
    (77, 26, 'CSE299 Quiz 01', 'Quiz assessment for CSE299 Section 01.', 'quiz', '2026-05-09 11:00', 20, 5, '2026-04-26 12:00:00'),
    (78, 26, 'CSE299 Exam 01', 'Exam assessment for CSE299 Section 01.', 'exam', '2026-05-15 11:00', 100, 5, '2026-04-26 12:00:00'),
    (79, 27, 'CSE299 Assignment 02', 'Assignment assessment for CSE299 Section 02.', 'assignment', '2026-05-07 11:00', 100, 6, '2026-04-27 12:00:00'),
    (80, 27, 'CSE299 Quiz 02', 'Quiz assessment for CSE299 Section 02.', 'quiz', '2026-05-10 11:00', 20, 6, '2026-04-27 12:00:00'),
    (81, 27, 'CSE299 Exam 02', 'Exam assessment for CSE299 Section 02.', 'exam', '2026-05-16 11:00', 100, 6, '2026-04-27 12:00:00'),
    (82, 28, 'CSE299 Assignment 03', 'Assignment assessment for CSE299 Section 03.', 'assignment', '2026-05-08 11:00', 100, 7, '2026-04-26 12:00:00'),
    (83, 28, 'CSE299 Quiz 03', 'Quiz assessment for CSE299 Section 03.', 'quiz', '2026-05-11 11:00', 20, 7, '2026-04-26 12:00:00'),
    (84, 28, 'CSE299 Exam 03', 'Exam assessment for CSE299 Section 03.', 'exam', '2026-05-17 11:00', 100, 7, '2026-04-26 12:00:00'),
    (85, 29, 'CSE299 Assignment 04', 'Assignment assessment for CSE299 Section 04.', 'assignment', '2026-05-09 11:00', 100, 8, '2026-04-27 12:00:00'),
    (86, 29, 'CSE299 Quiz 04', 'Quiz assessment for CSE299 Section 04.', 'quiz', '2026-05-12 11:00', 20, 8, '2026-04-27 12:00:00'),
    (87, 29, 'CSE299 Exam 04', 'Exam assessment for CSE299 Section 04.', 'exam', '2026-05-18 11:00', 100, 8, '2026-04-27 12:00:00'),
    (88, 30, 'CSE299 Assignment 05', 'Assignment assessment for CSE299 Section 05.', 'assignment', '2026-05-05 11:00', 100, 4, '2026-04-26 12:00:00'),
    (89, 30, 'CSE299 Quiz 05', 'Quiz assessment for CSE299 Section 05.', 'quiz', '2026-05-08 11:00', 20, 4, '2026-04-26 12:00:00'),
    (90, 30, 'CSE299 Exam 05', 'Exam assessment for CSE299 Section 05.', 'exam', '2026-05-14 11:00', 100, 4, '2026-04-26 12:00:00'),
    (91, 31, 'CSE299 Assignment 06', 'Assignment assessment for CSE299 Section 06.', 'assignment', '2026-05-06 11:00', 100, 5, '2026-04-27 12:00:00'),
    (92, 31, 'CSE299 Quiz 06', 'Quiz assessment for CSE299 Section 06.', 'quiz', '2026-05-09 11:00', 20, 5, '2026-04-27 12:00:00'),
    (93, 31, 'CSE299 Exam 06', 'Exam assessment for CSE299 Section 06.', 'exam', '2026-05-15 11:00', 100, 5, '2026-04-27 12:00:00'),
    (94, 32, 'CSE299 Assignment 07', 'Assignment assessment for CSE299 Section 07.', 'assignment', '2026-05-07 11:00', 100, 6, '2026-04-26 12:00:00'),
    (95, 32, 'CSE299 Quiz 07', 'Quiz assessment for CSE299 Section 07.', 'quiz', '2026-05-10 11:00', 20, 6, '2026-04-26 12:00:00'),
    (96, 32, 'CSE299 Exam 07', 'Exam assessment for CSE299 Section 07.', 'exam', '2026-05-16 11:00', 100, 6, '2026-04-26 12:00:00'),
    (97, 33, 'CSE299 Assignment 08', 'Assignment assessment for CSE299 Section 08.', 'assignment', '2026-05-08 11:00', 100, 7, '2026-04-27 12:00:00'),
    (98, 33, 'CSE299 Quiz 08', 'Quiz assessment for CSE299 Section 08.', 'quiz', '2026-05-11 11:00', 20, 7, '2026-04-27 12:00:00'),
    (99, 33, 'CSE299 Exam 08', 'Exam assessment for CSE299 Section 08.', 'exam', '2026-05-17 11:00', 100, 7, '2026-04-27 12:00:00'),
    (100, 34, 'CSE299 Assignment 09', 'Assignment assessment for CSE299 Section 09.', 'assignment', '2026-05-09 11:00', 100, 8, '2026-04-26 12:00:00'),
    (101, 34, 'CSE299 Quiz 09', 'Quiz assessment for CSE299 Section 09.', 'quiz', '2026-05-12 11:00', 20, 8, '2026-04-26 12:00:00'),
    (102, 34, 'CSE299 Exam 09', 'Exam assessment for CSE299 Section 09.', 'exam', '2026-05-18 11:00', 100, 8, '2026-04-26 12:00:00'),
    (103, 35, 'CSE299 Assignment 10', 'Assignment assessment for CSE299 Section 10.', 'assignment', '2026-05-05 11:00', 100, 4, '2026-04-27 12:00:00'),
    (104, 35, 'CSE299 Quiz 10', 'Quiz assessment for CSE299 Section 10.', 'quiz', '2026-05-08 11:00', 20, 4, '2026-04-27 12:00:00'),
    (105, 35, 'CSE299 Exam 10', 'Exam assessment for CSE299 Section 10.', 'exam', '2026-05-14 11:00', 100, 4, '2026-04-27 12:00:00'),
    (106, 36, 'CSE299 Assignment 11', 'Assignment assessment for CSE299 Section 11.', 'assignment', '2026-05-06 11:00', 100, 5, '2026-04-26 12:00:00'),
    (107, 36, 'CSE299 Quiz 11', 'Quiz assessment for CSE299 Section 11.', 'quiz', '2026-05-09 11:00', 20, 5, '2026-04-26 12:00:00'),
    (108, 36, 'CSE299 Exam 11', 'Exam assessment for CSE299 Section 11.', 'exam', '2026-05-15 11:00', 100, 5, '2026-04-26 12:00:00'),
    (109, 37, 'CSE299 Assignment 12', 'Assignment assessment for CSE299 Section 12.', 'assignment', '2026-05-07 11:00', 100, 6, '2026-04-27 12:00:00'),
    (110, 37, 'CSE299 Quiz 12', 'Quiz assessment for CSE299 Section 12.', 'quiz', '2026-05-10 11:00', 20, 6, '2026-04-27 12:00:00'),
    (111, 37, 'CSE299 Exam 12', 'Exam assessment for CSE299 Section 12.', 'exam', '2026-05-16 11:00', 100, 6, '2026-04-27 12:00:00'),
    (112, 38, 'CSE323 Assignment 01', 'Assignment assessment for CSE323 Section 01.', 'assignment', '2026-05-08 11:00', 100, 6, '2026-04-26 12:00:00'),
    (113, 38, 'CSE323 Quiz 01', 'Quiz assessment for CSE323 Section 01.', 'quiz', '2026-05-11 11:00', 20, 6, '2026-04-26 12:00:00'),
    (114, 38, 'CSE323 Exam 01', 'Exam assessment for CSE323 Section 01.', 'exam', '2026-05-17 11:00', 100, 6, '2026-04-26 12:00:00'),
    (115, 39, 'CSE323 Assignment 02', 'Assignment assessment for CSE323 Section 02.', 'assignment', '2026-05-09 11:00', 100, 7, '2026-04-27 12:00:00'),
    (116, 39, 'CSE323 Quiz 02', 'Quiz assessment for CSE323 Section 02.', 'quiz', '2026-05-12 11:00', 20, 7, '2026-04-27 12:00:00'),
    (117, 39, 'CSE323 Exam 02', 'Exam assessment for CSE323 Section 02.', 'exam', '2026-05-18 11:00', 100, 7, '2026-04-27 12:00:00'),
    (118, 40, 'CSE323 Assignment 03', 'Assignment assessment for CSE323 Section 03.', 'assignment', '2026-05-05 11:00', 100, 8, '2026-04-26 12:00:00'),
    (119, 40, 'CSE323 Quiz 03', 'Quiz assessment for CSE323 Section 03.', 'quiz', '2026-05-08 11:00', 20, 8, '2026-04-26 12:00:00'),
    (120, 40, 'CSE323 Exam 03', 'Exam assessment for CSE323 Section 03.', 'exam', '2026-05-14 11:00', 100, 8, '2026-04-26 12:00:00'),
    (121, 41, 'CSE323 Assignment 04', 'Assignment assessment for CSE323 Section 04.', 'assignment', '2026-05-06 11:00', 100, 4, '2026-04-27 12:00:00'),
    (122, 41, 'CSE323 Quiz 04', 'Quiz assessment for CSE323 Section 04.', 'quiz', '2026-05-09 11:00', 20, 4, '2026-04-27 12:00:00'),
    (123, 41, 'CSE323 Exam 04', 'Exam assessment for CSE323 Section 04.', 'exam', '2026-05-15 11:00', 100, 4, '2026-04-27 12:00:00'),
    (124, 42, 'CSE323 Assignment 05', 'Assignment assessment for CSE323 Section 05.', 'assignment', '2026-05-07 11:00', 100, 5, '2026-04-26 12:00:00'),
    (125, 42, 'CSE323 Quiz 05', 'Quiz assessment for CSE323 Section 05.', 'quiz', '2026-05-10 11:00', 20, 5, '2026-04-26 12:00:00'),
    (126, 42, 'CSE323 Exam 05', 'Exam assessment for CSE323 Section 05.', 'exam', '2026-05-16 11:00', 100, 5, '2026-04-26 12:00:00'),
    (127, 43, 'CSE323 Assignment 06', 'Assignment assessment for CSE323 Section 06.', 'assignment', '2026-05-08 11:00', 100, 6, '2026-04-27 12:00:00'),
    (128, 43, 'CSE323 Quiz 06', 'Quiz assessment for CSE323 Section 06.', 'quiz', '2026-05-11 11:00', 20, 6, '2026-04-27 12:00:00'),
    (129, 43, 'CSE323 Exam 06', 'Exam assessment for CSE323 Section 06.', 'exam', '2026-05-17 11:00', 100, 6, '2026-04-27 12:00:00'),
    (130, 44, 'CSE323 Assignment 07', 'Assignment assessment for CSE323 Section 07.', 'assignment', '2026-05-09 11:00', 100, 7, '2026-04-26 12:00:00'),
    (131, 44, 'CSE323 Quiz 07', 'Quiz assessment for CSE323 Section 07.', 'quiz', '2026-05-12 11:00', 20, 7, '2026-04-26 12:00:00'),
    (132, 44, 'CSE323 Exam 07', 'Exam assessment for CSE323 Section 07.', 'exam', '2026-05-18 11:00', 100, 7, '2026-04-26 12:00:00'),
    (133, 45, 'CSE323 Assignment 08', 'Assignment assessment for CSE323 Section 08.', 'assignment', '2026-05-05 11:00', 100, 8, '2026-04-27 12:00:00'),
    (134, 45, 'CSE323 Quiz 08', 'Quiz assessment for CSE323 Section 08.', 'quiz', '2026-05-08 11:00', 20, 8, '2026-04-27 12:00:00'),
    (135, 45, 'CSE323 Exam 08', 'Exam assessment for CSE323 Section 08.', 'exam', '2026-05-14 11:00', 100, 8, '2026-04-27 12:00:00'),
    (136, 46, 'CSE323 Assignment 09', 'Assignment assessment for CSE323 Section 09.', 'assignment', '2026-05-06 11:00', 100, 4, '2026-04-26 12:00:00'),
    (137, 46, 'CSE323 Quiz 09', 'Quiz assessment for CSE323 Section 09.', 'quiz', '2026-05-09 11:00', 20, 4, '2026-04-26 12:00:00'),
    (138, 46, 'CSE323 Exam 09', 'Exam assessment for CSE323 Section 09.', 'exam', '2026-05-15 11:00', 100, 4, '2026-04-26 12:00:00'),
    (139, 47, 'CSE327 Assignment 01', 'Assignment assessment for CSE327 Section 01.', 'assignment', '2026-05-07 11:00', 100, 7, '2026-04-27 12:00:00'),
    (140, 47, 'CSE327 Quiz 01', 'Quiz assessment for CSE327 Section 01.', 'quiz', '2026-05-10 11:00', 20, 7, '2026-04-27 12:00:00'),
    (141, 47, 'CSE327 Exam 01', 'Exam assessment for CSE327 Section 01.', 'exam', '2026-05-16 11:00', 100, 7, '2026-04-27 12:00:00'),
    (142, 48, 'CSE327 Assignment 02', 'Assignment assessment for CSE327 Section 02.', 'assignment', '2026-05-08 11:00', 100, 8, '2026-04-26 12:00:00'),
    (143, 48, 'CSE327 Quiz 02', 'Quiz assessment for CSE327 Section 02.', 'quiz', '2026-05-11 11:00', 20, 8, '2026-04-26 12:00:00'),
    (144, 48, 'CSE327 Exam 02', 'Exam assessment for CSE327 Section 02.', 'exam', '2026-05-17 11:00', 100, 8, '2026-04-26 12:00:00'),
    (145, 49, 'CSE327 Assignment 03', 'Assignment assessment for CSE327 Section 03.', 'assignment', '2026-05-09 11:00', 100, 4, '2026-04-27 12:00:00'),
    (146, 49, 'CSE327 Quiz 03', 'Quiz assessment for CSE327 Section 03.', 'quiz', '2026-05-12 11:00', 20, 4, '2026-04-27 12:00:00'),
    (147, 49, 'CSE327 Exam 03', 'Exam assessment for CSE327 Section 03.', 'exam', '2026-05-18 11:00', 100, 4, '2026-04-27 12:00:00'),
    (148, 50, 'CSE327 Assignment 04', 'Assignment assessment for CSE327 Section 04.', 'assignment', '2026-05-05 11:00', 100, 5, '2026-04-26 12:00:00'),
    (149, 50, 'CSE327 Quiz 04', 'Quiz assessment for CSE327 Section 04.', 'quiz', '2026-05-08 11:00', 20, 5, '2026-04-26 12:00:00'),
    (150, 50, 'CSE327 Exam 04', 'Exam assessment for CSE327 Section 04.', 'exam', '2026-05-14 11:00', 100, 5, '2026-04-26 12:00:00'),
    (151, 51, 'CSE327 Assignment 05', 'Assignment assessment for CSE327 Section 05.', 'assignment', '2026-05-06 11:00', 100, 6, '2026-04-27 12:00:00'),
    (152, 51, 'CSE327 Quiz 05', 'Quiz assessment for CSE327 Section 05.', 'quiz', '2026-05-09 11:00', 20, 6, '2026-04-27 12:00:00'),
    (153, 51, 'CSE327 Exam 05', 'Exam assessment for CSE327 Section 05.', 'exam', '2026-05-15 11:00', 100, 6, '2026-04-27 12:00:00'),
    (154, 52, 'CSE327 Assignment 06', 'Assignment assessment for CSE327 Section 06.', 'assignment', '2026-05-07 11:00', 100, 7, '2026-04-26 12:00:00'),
    (155, 52, 'CSE327 Quiz 06', 'Quiz assessment for CSE327 Section 06.', 'quiz', '2026-05-10 11:00', 20, 7, '2026-04-26 12:00:00'),
    (156, 52, 'CSE327 Exam 06', 'Exam assessment for CSE327 Section 06.', 'exam', '2026-05-16 11:00', 100, 7, '2026-04-26 12:00:00'),
    (157, 53, 'CSE327 Assignment 07', 'Assignment assessment for CSE327 Section 07.', 'assignment', '2026-05-08 11:00', 100, 8, '2026-04-27 12:00:00'),
    (158, 53, 'CSE327 Quiz 07', 'Quiz assessment for CSE327 Section 07.', 'quiz', '2026-05-11 11:00', 20, 8, '2026-04-27 12:00:00'),
    (159, 53, 'CSE327 Exam 07', 'Exam assessment for CSE327 Section 07.', 'exam', '2026-05-17 11:00', 100, 8, '2026-04-27 12:00:00'),
    (160, 54, 'CSE327 Assignment 08', 'Assignment assessment for CSE327 Section 08.', 'assignment', '2026-05-09 11:00', 100, 4, '2026-04-26 12:00:00'),
    (161, 54, 'CSE327 Quiz 08', 'Quiz assessment for CSE327 Section 08.', 'quiz', '2026-05-12 11:00', 20, 4, '2026-04-26 12:00:00'),
    (162, 54, 'CSE327 Exam 08', 'Exam assessment for CSE327 Section 08.', 'exam', '2026-05-18 11:00', 100, 4, '2026-04-26 12:00:00'),
    (163, 55, 'CSE468 Assignment 01', 'Assignment assessment for CSE468 Section 01.', 'assignment', '2026-05-05 11:00', 100, 8, '2026-04-27 12:00:00'),
    (164, 55, 'CSE468 Quiz 01', 'Quiz assessment for CSE468 Section 01.', 'quiz', '2026-05-08 11:00', 20, 8, '2026-04-27 12:00:00'),
    (165, 55, 'CSE468 Exam 01', 'Exam assessment for CSE468 Section 01.', 'exam', '2026-05-14 11:00', 100, 8, '2026-04-27 12:00:00'),
    (166, 56, 'CSE468 Assignment 02', 'Assignment assessment for CSE468 Section 02.', 'assignment', '2026-05-06 11:00', 100, 4, '2026-04-26 12:00:00'),
    (167, 56, 'CSE468 Quiz 02', 'Quiz assessment for CSE468 Section 02.', 'quiz', '2026-05-09 11:00', 20, 4, '2026-04-26 12:00:00'),
    (168, 56, 'CSE468 Exam 02', 'Exam assessment for CSE468 Section 02.', 'exam', '2026-05-15 11:00', 100, 4, '2026-04-26 12:00:00'),
    (169, 57, 'CSE468 Assignment 03', 'Assignment assessment for CSE468 Section 03.', 'assignment', '2026-05-07 11:00', 100, 5, '2026-04-27 12:00:00'),
    (170, 57, 'CSE468 Quiz 03', 'Quiz assessment for CSE468 Section 03.', 'quiz', '2026-05-10 11:00', 20, 5, '2026-04-27 12:00:00'),
    (171, 57, 'CSE468 Exam 03', 'Exam assessment for CSE468 Section 03.', 'exam', '2026-05-16 11:00', 100, 5, '2026-04-27 12:00:00'),
    (172, 58, 'CSE468 Assignment 04', 'Assignment assessment for CSE468 Section 04.', 'assignment', '2026-05-08 11:00', 100, 6, '2026-04-26 12:00:00'),
    (173, 58, 'CSE468 Quiz 04', 'Quiz assessment for CSE468 Section 04.', 'quiz', '2026-05-11 11:00', 20, 6, '2026-04-26 12:00:00'),
    (174, 58, 'CSE468 Exam 04', 'Exam assessment for CSE468 Section 04.', 'exam', '2026-05-17 11:00', 100, 6, '2026-04-26 12:00:00'),
    (175, 59, 'CSE468 Assignment 05', 'Assignment assessment for CSE468 Section 05.', 'assignment', '2026-05-09 11:00', 100, 7, '2026-04-27 12:00:00'),
    (176, 59, 'CSE468 Quiz 05', 'Quiz assessment for CSE468 Section 05.', 'quiz', '2026-05-12 11:00', 20, 7, '2026-04-27 12:00:00'),
    (177, 59, 'CSE468 Exam 05', 'Exam assessment for CSE468 Section 05.', 'exam', '2026-05-18 11:00', 100, 7, '2026-04-27 12:00:00'),
    (178, 60, 'CSE468 Assignment 06', 'Assignment assessment for CSE468 Section 06.', 'assignment', '2026-05-05 11:00', 100, 8, '2026-04-26 12:00:00'),
    (179, 60, 'CSE468 Quiz 06', 'Quiz assessment for CSE468 Section 06.', 'quiz', '2026-05-08 11:00', 20, 8, '2026-04-26 12:00:00'),
    (180, 60, 'CSE468 Exam 06', 'Exam assessment for CSE468 Section 06.', 'exam', '2026-05-14 11:00', 100, 8, '2026-04-26 12:00:00'),
    (181, 61, 'CSE499 Assignment 01', 'Assignment assessment for CSE499 Section 01.', 'assignment', '2026-05-06 11:00', 100, 4, '2026-04-27 12:00:00'),
    (182, 61, 'CSE499 Quiz 01', 'Quiz assessment for CSE499 Section 01.', 'quiz', '2026-05-09 11:00', 20, 4, '2026-04-27 12:00:00'),
    (183, 61, 'CSE499 Exam 01', 'Exam assessment for CSE499 Section 01.', 'exam', '2026-05-15 11:00', 100, 4, '2026-04-27 12:00:00'),
    (184, 62, 'CSE499 Assignment 02', 'Assignment assessment for CSE499 Section 02.', 'assignment', '2026-05-07 11:00', 100, 5, '2026-04-26 12:00:00'),
    (185, 62, 'CSE499 Quiz 02', 'Quiz assessment for CSE499 Section 02.', 'quiz', '2026-05-10 11:00', 20, 5, '2026-04-26 12:00:00'),
    (186, 62, 'CSE499 Exam 02', 'Exam assessment for CSE499 Section 02.', 'exam', '2026-05-16 11:00', 100, 5, '2026-04-26 12:00:00'),
    (187, 63, 'CSE499 Assignment 03', 'Assignment assessment for CSE499 Section 03.', 'assignment', '2026-05-08 11:00', 100, 6, '2026-04-27 12:00:00'),
    (188, 63, 'CSE499 Quiz 03', 'Quiz assessment for CSE499 Section 03.', 'quiz', '2026-05-11 11:00', 20, 6, '2026-04-27 12:00:00'),
    (189, 63, 'CSE499 Exam 03', 'Exam assessment for CSE499 Section 03.', 'exam', '2026-05-17 11:00', 100, 6, '2026-04-27 12:00:00'),
    (190, 64, 'CSE499 Assignment 04', 'Assignment assessment for CSE499 Section 04.', 'assignment', '2026-05-09 11:00', 100, 7, '2026-04-26 12:00:00'),
    (191, 64, 'CSE499 Quiz 04', 'Quiz assessment for CSE499 Section 04.', 'quiz', '2026-05-12 11:00', 20, 7, '2026-04-26 12:00:00'),
    (192, 64, 'CSE499 Exam 04', 'Exam assessment for CSE499 Section 04.', 'exam', '2026-05-18 11:00', 100, 7, '2026-04-26 12:00:00'),
    (193, 65, 'CSE499 Assignment 05', 'Assignment assessment for CSE499 Section 05.', 'assignment', '2026-05-05 11:00', 100, 8, '2026-04-27 12:00:00'),
    (194, 65, 'CSE499 Quiz 05', 'Quiz assessment for CSE499 Section 05.', 'quiz', '2026-05-08 11:00', 20, 8, '2026-04-27 12:00:00'),
    (195, 65, 'CSE499 Exam 05', 'Exam assessment for CSE499 Section 05.', 'exam', '2026-05-14 11:00', 100, 8, '2026-04-27 12:00:00'),
    (196, 66, 'ENG111 Assignment 01', 'Assignment assessment for ENG111 Section 01.', 'assignment', '2026-05-06 11:00', 100, 5, '2026-04-26 12:00:00'),
    (197, 66, 'ENG111 Quiz 01', 'Quiz assessment for ENG111 Section 01.', 'quiz', '2026-05-09 11:00', 20, 5, '2026-04-26 12:00:00'),
    (198, 66, 'ENG111 Exam 01', 'Exam assessment for ENG111 Section 01.', 'exam', '2026-05-15 11:00', 100, 5, '2026-04-26 12:00:00'),
    (199, 67, 'ENG111 Assignment 02', 'Assignment assessment for ENG111 Section 02.', 'assignment', '2026-05-07 11:00', 100, 6, '2026-04-27 12:00:00'),
    (200, 67, 'ENG111 Quiz 02', 'Quiz assessment for ENG111 Section 02.', 'quiz', '2026-05-10 11:00', 20, 6, '2026-04-27 12:00:00'),
    (201, 67, 'ENG111 Exam 02', 'Exam assessment for ENG111 Section 02.', 'exam', '2026-05-16 11:00', 100, 6, '2026-04-27 12:00:00'),
    (202, 68, 'ENG111 Assignment 03', 'Assignment assessment for ENG111 Section 03.', 'assignment', '2026-05-08 11:00', 100, 7, '2026-04-26 12:00:00'),
    (203, 68, 'ENG111 Quiz 03', 'Quiz assessment for ENG111 Section 03.', 'quiz', '2026-05-11 11:00', 20, 7, '2026-04-26 12:00:00'),
    (204, 68, 'ENG111 Exam 03', 'Exam assessment for ENG111 Section 03.', 'exam', '2026-05-17 11:00', 100, 7, '2026-04-26 12:00:00'),
    (205, 69, 'ENG111 Assignment 04', 'Assignment assessment for ENG111 Section 04.', 'assignment', '2026-05-09 11:00', 100, 8, '2026-04-27 12:00:00'),
    (206, 69, 'ENG111 Quiz 04', 'Quiz assessment for ENG111 Section 04.', 'quiz', '2026-05-12 11:00', 20, 8, '2026-04-27 12:00:00'),
    (207, 69, 'ENG111 Exam 04', 'Exam assessment for ENG111 Section 04.', 'exam', '2026-05-18 11:00', 100, 8, '2026-04-27 12:00:00'),
    (208, 70, 'ENG111 Assignment 05', 'Assignment assessment for ENG111 Section 05.', 'assignment', '2026-05-05 11:00', 100, 4, '2026-04-26 12:00:00'),
    (209, 70, 'ENG111 Quiz 05', 'Quiz assessment for ENG111 Section 05.', 'quiz', '2026-05-08 11:00', 20, 4, '2026-04-26 12:00:00'),
    (210, 70, 'ENG111 Exam 05', 'Exam assessment for ENG111 Section 05.', 'exam', '2026-05-14 11:00', 100, 4, '2026-04-26 12:00:00'),
    (211, 71, 'ENG111 Assignment 06', 'Assignment assessment for ENG111 Section 06.', 'assignment', '2026-05-06 11:00', 100, 5, '2026-04-27 12:00:00'),
    (212, 71, 'ENG111 Quiz 06', 'Quiz assessment for ENG111 Section 06.', 'quiz', '2026-05-09 11:00', 20, 5, '2026-04-27 12:00:00'),
    (213, 71, 'ENG111 Exam 06', 'Exam assessment for ENG111 Section 06.', 'exam', '2026-05-15 11:00', 100, 5, '2026-04-27 12:00:00'),
    (214, 72, 'ENG111 Assignment 07', 'Assignment assessment for ENG111 Section 07.', 'assignment', '2026-05-07 11:00', 100, 6, '2026-04-26 12:00:00'),
    (215, 72, 'ENG111 Quiz 07', 'Quiz assessment for ENG111 Section 07.', 'quiz', '2026-05-10 11:00', 20, 6, '2026-04-26 12:00:00'),
    (216, 72, 'ENG111 Exam 07', 'Exam assessment for ENG111 Section 07.', 'exam', '2026-05-16 11:00', 100, 6, '2026-04-26 12:00:00'),
    (217, 73, 'ENG111 Assignment 08', 'Assignment assessment for ENG111 Section 08.', 'assignment', '2026-05-08 11:00', 100, 7, '2026-04-27 12:00:00'),
    (218, 73, 'ENG111 Quiz 08', 'Quiz assessment for ENG111 Section 08.', 'quiz', '2026-05-11 11:00', 20, 7, '2026-04-27 12:00:00'),
    (219, 73, 'ENG111 Exam 08', 'Exam assessment for ENG111 Section 08.', 'exam', '2026-05-17 11:00', 100, 7, '2026-04-27 12:00:00'),
    (220, 74, 'ENG111 Assignment 09', 'Assignment assessment for ENG111 Section 09.', 'assignment', '2026-05-09 11:00', 100, 8, '2026-04-26 12:00:00'),
    (221, 74, 'ENG111 Quiz 09', 'Quiz assessment for ENG111 Section 09.', 'quiz', '2026-05-12 11:00', 20, 8, '2026-04-26 12:00:00'),
    (222, 74, 'ENG111 Exam 09', 'Exam assessment for ENG111 Section 09.', 'exam', '2026-05-18 11:00', 100, 8, '2026-04-26 12:00:00'),
    (223, 75, 'ENG111 Assignment 10', 'Assignment assessment for ENG111 Section 10.', 'assignment', '2026-05-05 11:00', 100, 4, '2026-04-27 12:00:00'),
    (224, 75, 'ENG111 Quiz 10', 'Quiz assessment for ENG111 Section 10.', 'quiz', '2026-05-08 11:00', 20, 4, '2026-04-27 12:00:00'),
    (225, 75, 'ENG111 Exam 10', 'Exam assessment for ENG111 Section 10.', 'exam', '2026-05-14 11:00', 100, 4, '2026-04-27 12:00:00'),
    (226, 76, 'ENG111 Assignment 11', 'Assignment assessment for ENG111 Section 11.', 'assignment', '2026-05-06 11:00', 100, 5, '2026-04-26 12:00:00'),
    (227, 76, 'ENG111 Quiz 11', 'Quiz assessment for ENG111 Section 11.', 'quiz', '2026-05-09 11:00', 20, 5, '2026-04-26 12:00:00'),
    (228, 76, 'ENG111 Exam 11', 'Exam assessment for ENG111 Section 11.', 'exam', '2026-05-15 11:00', 100, 5, '2026-04-26 12:00:00'),
    (229, 77, 'ENG111 Assignment 12', 'Assignment assessment for ENG111 Section 12.', 'assignment', '2026-05-07 11:00', 100, 6, '2026-04-27 12:00:00'),
    (230, 77, 'ENG111 Quiz 12', 'Quiz assessment for ENG111 Section 12.', 'quiz', '2026-05-10 11:00', 20, 6, '2026-04-27 12:00:00'),
    (231, 77, 'ENG111 Exam 12', 'Exam assessment for ENG111 Section 12.', 'exam', '2026-05-16 11:00', 100, 6, '2026-04-27 12:00:00'),
    (232, 78, 'ENG111 Assignment 13', 'Assignment assessment for ENG111 Section 13.', 'assignment', '2026-05-08 11:00', 100, 7, '2026-04-26 12:00:00'),
    (233, 78, 'ENG111 Quiz 13', 'Quiz assessment for ENG111 Section 13.', 'quiz', '2026-05-11 11:00', 20, 7, '2026-04-26 12:00:00'),
    (234, 78, 'ENG111 Exam 13', 'Exam assessment for ENG111 Section 13.', 'exam', '2026-05-17 11:00', 100, 7, '2026-04-26 12:00:00'),
    (235, 79, 'ENG111 Assignment 14', 'Assignment assessment for ENG111 Section 14.', 'assignment', '2026-05-09 11:00', 100, 8, '2026-04-27 12:00:00'),
    (236, 79, 'ENG111 Quiz 14', 'Quiz assessment for ENG111 Section 14.', 'quiz', '2026-05-12 11:00', 20, 8, '2026-04-27 12:00:00'),
    (237, 79, 'ENG111 Exam 14', 'Exam assessment for ENG111 Section 14.', 'exam', '2026-05-18 11:00', 100, 8, '2026-04-27 12:00:00'),
    (238, 80, 'ENG111 Assignment 15', 'Assignment assessment for ENG111 Section 15.', 'assignment', '2026-05-05 11:00', 100, 4, '2026-04-26 12:00:00'),
    (239, 80, 'ENG111 Quiz 15', 'Quiz assessment for ENG111 Section 15.', 'quiz', '2026-05-08 11:00', 20, 4, '2026-04-26 12:00:00'),
    (240, 80, 'ENG111 Exam 15', 'Exam assessment for ENG111 Section 15.', 'exam', '2026-05-14 11:00', 100, 4, '2026-04-26 12:00:00'),
    (241, 81, 'ENG111 Assignment 16', 'Assignment assessment for ENG111 Section 16.', 'assignment', '2026-05-06 11:00', 100, 5, '2026-04-27 12:00:00'),
    (242, 81, 'ENG111 Quiz 16', 'Quiz assessment for ENG111 Section 16.', 'quiz', '2026-05-09 11:00', 20, 5, '2026-04-27 12:00:00'),
    (243, 81, 'ENG111 Exam 16', 'Exam assessment for ENG111 Section 16.', 'exam', '2026-05-15 11:00', 100, 5, '2026-04-27 12:00:00'),
    (244, 82, 'ENG111 Assignment 17', 'Assignment assessment for ENG111 Section 17.', 'assignment', '2026-05-07 11:00', 100, 6, '2026-04-26 12:00:00'),
    (245, 82, 'ENG111 Quiz 17', 'Quiz assessment for ENG111 Section 17.', 'quiz', '2026-05-10 11:00', 20, 6, '2026-04-26 12:00:00'),
    (246, 82, 'ENG111 Exam 17', 'Exam assessment for ENG111 Section 17.', 'exam', '2026-05-16 11:00', 100, 6, '2026-04-26 12:00:00'),
    (247, 83, 'ENG111 Assignment 18', 'Assignment assessment for ENG111 Section 18.', 'assignment', '2026-05-08 11:00', 100, 7, '2026-04-27 12:00:00'),
    (248, 83, 'ENG111 Quiz 18', 'Quiz assessment for ENG111 Section 18.', 'quiz', '2026-05-11 11:00', 20, 7, '2026-04-27 12:00:00'),
    (249, 83, 'ENG111 Exam 18', 'Exam assessment for ENG111 Section 18.', 'exam', '2026-05-17 11:00', 100, 7, '2026-04-27 12:00:00'),
    (250, 84, 'ENG111 Assignment 19', 'Assignment assessment for ENG111 Section 19.', 'assignment', '2026-05-09 11:00', 100, 8, '2026-04-26 12:00:00'),
    (251, 84, 'ENG111 Quiz 19', 'Quiz assessment for ENG111 Section 19.', 'quiz', '2026-05-12 11:00', 20, 8, '2026-04-26 12:00:00'),
    (252, 84, 'ENG111 Exam 19', 'Exam assessment for ENG111 Section 19.', 'exam', '2026-05-18 11:00', 100, 8, '2026-04-26 12:00:00'),
    (253, 85, 'ENG111 Assignment 20', 'Assignment assessment for ENG111 Section 20.', 'assignment', '2026-05-05 11:00', 100, 4, '2026-04-27 12:00:00'),
    (254, 85, 'ENG111 Quiz 20', 'Quiz assessment for ENG111 Section 20.', 'quiz', '2026-05-08 11:00', 20, 4, '2026-04-27 12:00:00'),
    (255, 85, 'ENG111 Exam 20', 'Exam assessment for ENG111 Section 20.', 'exam', '2026-05-14 11:00', 100, 4, '2026-04-27 12:00:00'),
    (256, 86, 'ENG115 Assignment 01', 'Assignment assessment for ENG115 Section 01.', 'assignment', '2026-05-06 11:00', 100, 6, '2026-04-26 12:00:00'),
    (257, 86, 'ENG115 Quiz 01', 'Quiz assessment for ENG115 Section 01.', 'quiz', '2026-05-09 11:00', 20, 6, '2026-04-26 12:00:00'),
    (258, 86, 'ENG115 Exam 01', 'Exam assessment for ENG115 Section 01.', 'exam', '2026-05-15 11:00', 100, 6, '2026-04-26 12:00:00'),
    (259, 87, 'ENG115 Assignment 02', 'Assignment assessment for ENG115 Section 02.', 'assignment', '2026-05-07 11:00', 100, 7, '2026-04-27 12:00:00'),
    (260, 87, 'ENG115 Quiz 02', 'Quiz assessment for ENG115 Section 02.', 'quiz', '2026-05-10 11:00', 20, 7, '2026-04-27 12:00:00'),
    (261, 87, 'ENG115 Exam 02', 'Exam assessment for ENG115 Section 02.', 'exam', '2026-05-16 11:00', 100, 7, '2026-04-27 12:00:00'),
    (262, 88, 'ENG115 Assignment 03', 'Assignment assessment for ENG115 Section 03.', 'assignment', '2026-05-08 11:00', 100, 8, '2026-04-26 12:00:00'),
    (263, 88, 'ENG115 Quiz 03', 'Quiz assessment for ENG115 Section 03.', 'quiz', '2026-05-11 11:00', 20, 8, '2026-04-26 12:00:00'),
    (264, 88, 'ENG115 Exam 03', 'Exam assessment for ENG115 Section 03.', 'exam', '2026-05-17 11:00', 100, 8, '2026-04-26 12:00:00'),
    (265, 89, 'ENG115 Assignment 04', 'Assignment assessment for ENG115 Section 04.', 'assignment', '2026-05-09 11:00', 100, 4, '2026-04-27 12:00:00'),
    (266, 89, 'ENG115 Quiz 04', 'Quiz assessment for ENG115 Section 04.', 'quiz', '2026-05-12 11:00', 20, 4, '2026-04-27 12:00:00'),
    (267, 89, 'ENG115 Exam 04', 'Exam assessment for ENG115 Section 04.', 'exam', '2026-05-18 11:00', 100, 4, '2026-04-27 12:00:00'),
    (268, 90, 'ENG115 Assignment 05', 'Assignment assessment for ENG115 Section 05.', 'assignment', '2026-05-05 11:00', 100, 5, '2026-04-26 12:00:00'),
    (269, 90, 'ENG115 Quiz 05', 'Quiz assessment for ENG115 Section 05.', 'quiz', '2026-05-08 11:00', 20, 5, '2026-04-26 12:00:00'),
    (270, 90, 'ENG115 Exam 05', 'Exam assessment for ENG115 Section 05.', 'exam', '2026-05-14 11:00', 100, 5, '2026-04-26 12:00:00'),
    (271, 91, 'ENG115 Assignment 06', 'Assignment assessment for ENG115 Section 06.', 'assignment', '2026-05-06 11:00', 100, 6, '2026-04-27 12:00:00'),
    (272, 91, 'ENG115 Quiz 06', 'Quiz assessment for ENG115 Section 06.', 'quiz', '2026-05-09 11:00', 20, 6, '2026-04-27 12:00:00'),
    (273, 91, 'ENG115 Exam 06', 'Exam assessment for ENG115 Section 06.', 'exam', '2026-05-15 11:00', 100, 6, '2026-04-27 12:00:00'),
    (274, 92, 'ENG115 Assignment 07', 'Assignment assessment for ENG115 Section 07.', 'assignment', '2026-05-07 11:00', 100, 7, '2026-04-26 12:00:00'),
    (275, 92, 'ENG115 Quiz 07', 'Quiz assessment for ENG115 Section 07.', 'quiz', '2026-05-10 11:00', 20, 7, '2026-04-26 12:00:00'),
    (276, 92, 'ENG115 Exam 07', 'Exam assessment for ENG115 Section 07.', 'exam', '2026-05-16 11:00', 100, 7, '2026-04-26 12:00:00'),
    (277, 93, 'ENG115 Assignment 08', 'Assignment assessment for ENG115 Section 08.', 'assignment', '2026-05-08 11:00', 100, 8, '2026-04-27 12:00:00'),
    (278, 93, 'ENG115 Quiz 08', 'Quiz assessment for ENG115 Section 08.', 'quiz', '2026-05-11 11:00', 20, 8, '2026-04-27 12:00:00'),
    (279, 93, 'ENG115 Exam 08', 'Exam assessment for ENG115 Section 08.', 'exam', '2026-05-17 11:00', 100, 8, '2026-04-27 12:00:00'),
    (280, 94, 'ENG115 Assignment 09', 'Assignment assessment for ENG115 Section 09.', 'assignment', '2026-05-09 11:00', 100, 4, '2026-04-26 12:00:00'),
    (281, 94, 'ENG115 Quiz 09', 'Quiz assessment for ENG115 Section 09.', 'quiz', '2026-05-12 11:00', 20, 4, '2026-04-26 12:00:00'),
    (282, 94, 'ENG115 Exam 09', 'Exam assessment for ENG115 Section 09.', 'exam', '2026-05-18 11:00', 100, 4, '2026-04-26 12:00:00'),
    (283, 95, 'ENG115 Assignment 10', 'Assignment assessment for ENG115 Section 10.', 'assignment', '2026-05-05 11:00', 100, 5, '2026-04-27 12:00:00'),
    (284, 95, 'ENG115 Quiz 10', 'Quiz assessment for ENG115 Section 10.', 'quiz', '2026-05-08 11:00', 20, 5, '2026-04-27 12:00:00'),
    (285, 95, 'ENG115 Exam 10', 'Exam assessment for ENG115 Section 10.', 'exam', '2026-05-14 11:00', 100, 5, '2026-04-27 12:00:00'),
    (286, 96, 'ENG115 Assignment 11', 'Assignment assessment for ENG115 Section 11.', 'assignment', '2026-05-06 11:00', 100, 6, '2026-04-26 12:00:00'),
    (287, 96, 'ENG115 Quiz 11', 'Quiz assessment for ENG115 Section 11.', 'quiz', '2026-05-09 11:00', 20, 6, '2026-04-26 12:00:00'),
    (288, 96, 'ENG115 Exam 11', 'Exam assessment for ENG115 Section 11.', 'exam', '2026-05-15 11:00', 100, 6, '2026-04-26 12:00:00'),
    (289, 97, 'ENG115 Assignment 12', 'Assignment assessment for ENG115 Section 12.', 'assignment', '2026-05-07 11:00', 100, 7, '2026-04-27 12:00:00'),
    (290, 97, 'ENG115 Quiz 12', 'Quiz assessment for ENG115 Section 12.', 'quiz', '2026-05-10 11:00', 20, 7, '2026-04-27 12:00:00'),
    (291, 97, 'ENG115 Exam 12', 'Exam assessment for ENG115 Section 12.', 'exam', '2026-05-16 11:00', 100, 7, '2026-04-27 12:00:00'),
    (292, 98, 'ENG115 Assignment 13', 'Assignment assessment for ENG115 Section 13.', 'assignment', '2026-05-08 11:00', 100, 8, '2026-04-26 12:00:00'),
    (293, 98, 'ENG115 Quiz 13', 'Quiz assessment for ENG115 Section 13.', 'quiz', '2026-05-11 11:00', 20, 8, '2026-04-26 12:00:00'),
    (294, 98, 'ENG115 Exam 13', 'Exam assessment for ENG115 Section 13.', 'exam', '2026-05-17 11:00', 100, 8, '2026-04-26 12:00:00'),
    (295, 99, 'ENG115 Assignment 14', 'Assignment assessment for ENG115 Section 14.', 'assignment', '2026-05-09 11:00', 100, 4, '2026-04-27 12:00:00'),
    (296, 99, 'ENG115 Quiz 14', 'Quiz assessment for ENG115 Section 14.', 'quiz', '2026-05-12 11:00', 20, 4, '2026-04-27 12:00:00'),
    (297, 99, 'ENG115 Exam 14', 'Exam assessment for ENG115 Section 14.', 'exam', '2026-05-18 11:00', 100, 4, '2026-04-27 12:00:00'),
    (298, 100, 'ENG115 Assignment 15', 'Assignment assessment for ENG115 Section 15.', 'assignment', '2026-05-05 11:00', 100, 5, '2026-04-26 12:00:00'),
    (299, 100, 'ENG115 Quiz 15', 'Quiz assessment for ENG115 Section 15.', 'quiz', '2026-05-08 11:00', 20, 5, '2026-04-26 12:00:00'),
    (300, 100, 'ENG115 Exam 15', 'Exam assessment for ENG115 Section 15.', 'exam', '2026-05-14 11:00', 100, 5, '2026-04-26 12:00:00'),
    (301, 101, 'ENG115 Assignment 16', 'Assignment assessment for ENG115 Section 16.', 'assignment', '2026-05-06 11:00', 100, 6, '2026-04-27 12:00:00'),
    (302, 101, 'ENG115 Quiz 16', 'Quiz assessment for ENG115 Section 16.', 'quiz', '2026-05-09 11:00', 20, 6, '2026-04-27 12:00:00'),
    (303, 101, 'ENG115 Exam 16', 'Exam assessment for ENG115 Section 16.', 'exam', '2026-05-15 11:00', 100, 6, '2026-04-27 12:00:00'),
    (304, 102, 'ENG115 Assignment 17', 'Assignment assessment for ENG115 Section 17.', 'assignment', '2026-05-07 11:00', 100, 7, '2026-04-26 12:00:00'),
    (305, 102, 'ENG115 Quiz 17', 'Quiz assessment for ENG115 Section 17.', 'quiz', '2026-05-10 11:00', 20, 7, '2026-04-26 12:00:00'),
    (306, 102, 'ENG115 Exam 17', 'Exam assessment for ENG115 Section 17.', 'exam', '2026-05-16 11:00', 100, 7, '2026-04-26 12:00:00'),
    (307, 103, 'ENG115 Assignment 18', 'Assignment assessment for ENG115 Section 18.', 'assignment', '2026-05-08 11:00', 100, 8, '2026-04-27 12:00:00'),
    (308, 103, 'ENG115 Quiz 18', 'Quiz assessment for ENG115 Section 18.', 'quiz', '2026-05-11 11:00', 20, 8, '2026-04-27 12:00:00'),
    (309, 103, 'ENG115 Exam 18', 'Exam assessment for ENG115 Section 18.', 'exam', '2026-05-17 11:00', 100, 8, '2026-04-27 12:00:00'),
    (310, 104, 'MAT16 Assignment 01', 'Assignment assessment for MAT16 Section 01.', 'assignment', '2026-05-09 11:00', 100, 7, '2026-04-26 12:00:00'),
    (311, 104, 'MAT16 Quiz 01', 'Quiz assessment for MAT16 Section 01.', 'quiz', '2026-05-12 11:00', 20, 7, '2026-04-26 12:00:00'),
    (312, 104, 'MAT16 Exam 01', 'Exam assessment for MAT16 Section 01.', 'exam', '2026-05-18 11:00', 100, 7, '2026-04-26 12:00:00'),
    (313, 105, 'MAT16 Assignment 02', 'Assignment assessment for MAT16 Section 02.', 'assignment', '2026-05-05 11:00', 100, 8, '2026-04-27 12:00:00'),
    (314, 105, 'MAT16 Quiz 02', 'Quiz assessment for MAT16 Section 02.', 'quiz', '2026-05-08 11:00', 20, 8, '2026-04-27 12:00:00'),
    (315, 105, 'MAT16 Exam 02', 'Exam assessment for MAT16 Section 02.', 'exam', '2026-05-14 11:00', 100, 8, '2026-04-27 12:00:00'),
    (316, 106, 'MAT16 Assignment 03', 'Assignment assessment for MAT16 Section 03.', 'assignment', '2026-05-06 11:00', 100, 4, '2026-04-26 12:00:00'),
    (317, 106, 'MAT16 Quiz 03', 'Quiz assessment for MAT16 Section 03.', 'quiz', '2026-05-09 11:00', 20, 4, '2026-04-26 12:00:00'),
    (318, 106, 'MAT16 Exam 03', 'Exam assessment for MAT16 Section 03.', 'exam', '2026-05-15 11:00', 100, 4, '2026-04-26 12:00:00'),
    (319, 107, 'MAT16 Assignment 04', 'Assignment assessment for MAT16 Section 04.', 'assignment', '2026-05-07 11:00', 100, 5, '2026-04-27 12:00:00'),
    (320, 107, 'MAT16 Quiz 04', 'Quiz assessment for MAT16 Section 04.', 'quiz', '2026-05-10 11:00', 20, 5, '2026-04-27 12:00:00'),
    (321, 107, 'MAT16 Exam 04', 'Exam assessment for MAT16 Section 04.', 'exam', '2026-05-16 11:00', 100, 5, '2026-04-27 12:00:00'),
    (322, 108, 'MAT16 Assignment 05', 'Assignment assessment for MAT16 Section 05.', 'assignment', '2026-05-08 11:00', 100, 6, '2026-04-26 12:00:00'),
    (323, 108, 'MAT16 Quiz 05', 'Quiz assessment for MAT16 Section 05.', 'quiz', '2026-05-11 11:00', 20, 6, '2026-04-26 12:00:00'),
    (324, 108, 'MAT16 Exam 05', 'Exam assessment for MAT16 Section 05.', 'exam', '2026-05-17 11:00', 100, 6, '2026-04-26 12:00:00'),
    (325, 109, 'MAT16 Assignment 06', 'Assignment assessment for MAT16 Section 06.', 'assignment', '2026-05-09 11:00', 100, 7, '2026-04-27 12:00:00'),
    (326, 109, 'MAT16 Quiz 06', 'Quiz assessment for MAT16 Section 06.', 'quiz', '2026-05-12 11:00', 20, 7, '2026-04-27 12:00:00'),
    (327, 109, 'MAT16 Exam 06', 'Exam assessment for MAT16 Section 06.', 'exam', '2026-05-18 11:00', 100, 7, '2026-04-27 12:00:00'),
    (328, 110, 'MAT16 Assignment 07', 'Assignment assessment for MAT16 Section 07.', 'assignment', '2026-05-05 11:00', 100, 8, '2026-04-26 12:00:00'),
    (329, 110, 'MAT16 Quiz 07', 'Quiz assessment for MAT16 Section 07.', 'quiz', '2026-05-08 11:00', 20, 8, '2026-04-26 12:00:00'),
    (330, 110, 'MAT16 Exam 07', 'Exam assessment for MAT16 Section 07.', 'exam', '2026-05-14 11:00', 100, 8, '2026-04-26 12:00:00'),
    (331, 111, 'MAT16 Assignment 08', 'Assignment assessment for MAT16 Section 08.', 'assignment', '2026-05-06 11:00', 100, 4, '2026-04-27 12:00:00'),
    (332, 111, 'MAT16 Quiz 08', 'Quiz assessment for MAT16 Section 08.', 'quiz', '2026-05-09 11:00', 20, 4, '2026-04-27 12:00:00'),
    (333, 111, 'MAT16 Exam 08', 'Exam assessment for MAT16 Section 08.', 'exam', '2026-05-15 11:00', 100, 4, '2026-04-27 12:00:00'),
    (334, 112, 'MAT16 Assignment 09', 'Assignment assessment for MAT16 Section 09.', 'assignment', '2026-05-07 11:00', 100, 5, '2026-04-26 12:00:00'),
    (335, 112, 'MAT16 Quiz 09', 'Quiz assessment for MAT16 Section 09.', 'quiz', '2026-05-10 11:00', 20, 5, '2026-04-26 12:00:00'),
    (336, 112, 'MAT16 Exam 09', 'Exam assessment for MAT16 Section 09.', 'exam', '2026-05-16 11:00', 100, 5, '2026-04-26 12:00:00'),
    (337, 113, 'MAT16 Assignment 10', 'Assignment assessment for MAT16 Section 10.', 'assignment', '2026-05-08 11:00', 100, 6, '2026-04-27 12:00:00'),
    (338, 113, 'MAT16 Quiz 10', 'Quiz assessment for MAT16 Section 10.', 'quiz', '2026-05-11 11:00', 20, 6, '2026-04-27 12:00:00'),
    (339, 113, 'MAT16 Exam 10', 'Exam assessment for MAT16 Section 10.', 'exam', '2026-05-17 11:00', 100, 6, '2026-04-27 12:00:00'),
    (340, 114, 'MAT16 Assignment 11', 'Assignment assessment for MAT16 Section 11.', 'assignment', '2026-05-09 11:00', 100, 7, '2026-04-26 12:00:00'),
    (341, 114, 'MAT16 Quiz 11', 'Quiz assessment for MAT16 Section 11.', 'quiz', '2026-05-12 11:00', 20, 7, '2026-04-26 12:00:00'),
    (342, 114, 'MAT16 Exam 11', 'Exam assessment for MAT16 Section 11.', 'exam', '2026-05-18 11:00', 100, 7, '2026-04-26 12:00:00'),
    (343, 115, 'MAT16 Assignment 12', 'Assignment assessment for MAT16 Section 12.', 'assignment', '2026-05-05 11:00', 100, 8, '2026-04-27 12:00:00'),
    (344, 115, 'MAT16 Quiz 12', 'Quiz assessment for MAT16 Section 12.', 'quiz', '2026-05-08 11:00', 20, 8, '2026-04-27 12:00:00'),
    (345, 115, 'MAT16 Exam 12', 'Exam assessment for MAT16 Section 12.', 'exam', '2026-05-14 11:00', 100, 8, '2026-04-27 12:00:00'),
    (346, 116, 'MAT16 Assignment 13', 'Assignment assessment for MAT16 Section 13.', 'assignment', '2026-05-06 11:00', 100, 4, '2026-04-26 12:00:00'),
    (347, 116, 'MAT16 Quiz 13', 'Quiz assessment for MAT16 Section 13.', 'quiz', '2026-05-09 11:00', 20, 4, '2026-04-26 12:00:00'),
    (348, 116, 'MAT16 Exam 13', 'Exam assessment for MAT16 Section 13.', 'exam', '2026-05-15 11:00', 100, 4, '2026-04-26 12:00:00'),
    (349, 117, 'MAT16 Assignment 14', 'Assignment assessment for MAT16 Section 14.', 'assignment', '2026-05-07 11:00', 100, 5, '2026-04-27 12:00:00'),
    (350, 117, 'MAT16 Quiz 14', 'Quiz assessment for MAT16 Section 14.', 'quiz', '2026-05-10 11:00', 20, 5, '2026-04-27 12:00:00'),
    (351, 117, 'MAT16 Exam 14', 'Exam assessment for MAT16 Section 14.', 'exam', '2026-05-16 11:00', 100, 5, '2026-04-27 12:00:00'),
    (352, 118, 'MAT16 Assignment 15', 'Assignment assessment for MAT16 Section 15.', 'assignment', '2026-05-08 11:00', 100, 6, '2026-04-26 12:00:00'),
    (353, 118, 'MAT16 Quiz 15', 'Quiz assessment for MAT16 Section 15.', 'quiz', '2026-05-11 11:00', 20, 6, '2026-04-26 12:00:00'),
    (354, 118, 'MAT16 Exam 15', 'Exam assessment for MAT16 Section 15.', 'exam', '2026-05-17 11:00', 100, 6, '2026-04-26 12:00:00'),
    (355, 119, 'MAT16 Assignment 16', 'Assignment assessment for MAT16 Section 16.', 'assignment', '2026-05-09 11:00', 100, 7, '2026-04-27 12:00:00'),
    (356, 119, 'MAT16 Quiz 16', 'Quiz assessment for MAT16 Section 16.', 'quiz', '2026-05-12 11:00', 20, 7, '2026-04-27 12:00:00'),
    (357, 119, 'MAT16 Exam 16', 'Exam assessment for MAT16 Section 16.', 'exam', '2026-05-18 11:00', 100, 7, '2026-04-27 12:00:00'),
    (358, 120, 'MAT16 Assignment 17', 'Assignment assessment for MAT16 Section 17.', 'assignment', '2026-05-05 11:00', 100, 8, '2026-04-26 12:00:00'),
    (359, 120, 'MAT16 Quiz 17', 'Quiz assessment for MAT16 Section 17.', 'quiz', '2026-05-08 11:00', 20, 8, '2026-04-26 12:00:00'),
    (360, 120, 'MAT16 Exam 17', 'Exam assessment for MAT16 Section 17.', 'exam', '2026-05-14 11:00', 100, 8, '2026-04-26 12:00:00'),
    (361, 121, 'MAT16 Assignment 18', 'Assignment assessment for MAT16 Section 18.', 'assignment', '2026-05-06 11:00', 100, 4, '2026-04-27 12:00:00'),
    (362, 121, 'MAT16 Quiz 18', 'Quiz assessment for MAT16 Section 18.', 'quiz', '2026-05-09 11:00', 20, 4, '2026-04-27 12:00:00'),
    (363, 121, 'MAT16 Exam 18', 'Exam assessment for MAT16 Section 18.', 'exam', '2026-05-15 11:00', 100, 4, '2026-04-27 12:00:00'),
    (364, 122, 'MAT16 Assignment 19', 'Assignment assessment for MAT16 Section 19.', 'assignment', '2026-05-07 11:00', 100, 5, '2026-04-26 12:00:00'),
    (365, 122, 'MAT16 Quiz 19', 'Quiz assessment for MAT16 Section 19.', 'quiz', '2026-05-10 11:00', 20, 5, '2026-04-26 12:00:00'),
    (366, 122, 'MAT16 Exam 19', 'Exam assessment for MAT16 Section 19.', 'exam', '2026-05-16 11:00', 100, 5, '2026-04-26 12:00:00'),
    (367, 123, 'MAT16 Assignment 20', 'Assignment assessment for MAT16 Section 20.', 'assignment', '2026-05-08 11:00', 100, 6, '2026-04-27 12:00:00'),
    (368, 123, 'MAT16 Quiz 20', 'Quiz assessment for MAT16 Section 20.', 'quiz', '2026-05-11 11:00', 20, 6, '2026-04-27 12:00:00'),
    (369, 123, 'MAT16 Exam 20', 'Exam assessment for MAT16 Section 20.', 'exam', '2026-05-17 11:00', 100, 6, '2026-04-27 12:00:00'),
    (370, 124, 'MAT120 Assignment 01', 'Assignment assessment for MAT120 Section 01.', 'assignment', '2026-05-09 11:00', 100, 8, '2026-04-26 12:00:00'),
    (371, 124, 'MAT120 Quiz 01', 'Quiz assessment for MAT120 Section 01.', 'quiz', '2026-05-12 11:00', 20, 8, '2026-04-26 12:00:00'),
    (372, 124, 'MAT120 Exam 01', 'Exam assessment for MAT120 Section 01.', 'exam', '2026-05-18 11:00', 100, 8, '2026-04-26 12:00:00'),
    (373, 125, 'MAT120 Assignment 02', 'Assignment assessment for MAT120 Section 02.', 'assignment', '2026-05-05 11:00', 100, 4, '2026-04-27 12:00:00'),
    (374, 125, 'MAT120 Quiz 02', 'Quiz assessment for MAT120 Section 02.', 'quiz', '2026-05-08 11:00', 20, 4, '2026-04-27 12:00:00'),
    (375, 125, 'MAT120 Exam 02', 'Exam assessment for MAT120 Section 02.', 'exam', '2026-05-14 11:00', 100, 4, '2026-04-27 12:00:00'),
    (376, 126, 'MAT120 Assignment 03', 'Assignment assessment for MAT120 Section 03.', 'assignment', '2026-05-06 11:00', 100, 5, '2026-04-26 12:00:00'),
    (377, 126, 'MAT120 Quiz 03', 'Quiz assessment for MAT120 Section 03.', 'quiz', '2026-05-09 11:00', 20, 5, '2026-04-26 12:00:00'),
    (378, 126, 'MAT120 Exam 03', 'Exam assessment for MAT120 Section 03.', 'exam', '2026-05-15 11:00', 100, 5, '2026-04-26 12:00:00'),
    (379, 127, 'MAT120 Assignment 04', 'Assignment assessment for MAT120 Section 04.', 'assignment', '2026-05-07 11:00', 100, 6, '2026-04-27 12:00:00'),
    (380, 127, 'MAT120 Quiz 04', 'Quiz assessment for MAT120 Section 04.', 'quiz', '2026-05-10 11:00', 20, 6, '2026-04-27 12:00:00'),
    (381, 127, 'MAT120 Exam 04', 'Exam assessment for MAT120 Section 04.', 'exam', '2026-05-16 11:00', 100, 6, '2026-04-27 12:00:00'),
    (382, 128, 'MAT120 Assignment 05', 'Assignment assessment for MAT120 Section 05.', 'assignment', '2026-05-08 11:00', 100, 7, '2026-04-26 12:00:00'),
    (383, 128, 'MAT120 Quiz 05', 'Quiz assessment for MAT120 Section 05.', 'quiz', '2026-05-11 11:00', 20, 7, '2026-04-26 12:00:00'),
    (384, 128, 'MAT120 Exam 05', 'Exam assessment for MAT120 Section 05.', 'exam', '2026-05-17 11:00', 100, 7, '2026-04-26 12:00:00'),
    (385, 129, 'MAT120 Assignment 06', 'Assignment assessment for MAT120 Section 06.', 'assignment', '2026-05-09 11:00', 100, 8, '2026-04-27 12:00:00'),
    (386, 129, 'MAT120 Quiz 06', 'Quiz assessment for MAT120 Section 06.', 'quiz', '2026-05-12 11:00', 20, 8, '2026-04-27 12:00:00'),
    (387, 129, 'MAT120 Exam 06', 'Exam assessment for MAT120 Section 06.', 'exam', '2026-05-18 11:00', 100, 8, '2026-04-27 12:00:00'),
    (388, 130, 'MAT120 Assignment 07', 'Assignment assessment for MAT120 Section 07.', 'assignment', '2026-05-05 11:00', 100, 4, '2026-04-26 12:00:00'),
    (389, 130, 'MAT120 Quiz 07', 'Quiz assessment for MAT120 Section 07.', 'quiz', '2026-05-08 11:00', 20, 4, '2026-04-26 12:00:00'),
    (390, 130, 'MAT120 Exam 07', 'Exam assessment for MAT120 Section 07.', 'exam', '2026-05-14 11:00', 100, 4, '2026-04-26 12:00:00'),
    (391, 131, 'MAT120 Assignment 08', 'Assignment assessment for MAT120 Section 08.', 'assignment', '2026-05-06 11:00', 100, 5, '2026-04-27 12:00:00'),
    (392, 131, 'MAT120 Quiz 08', 'Quiz assessment for MAT120 Section 08.', 'quiz', '2026-05-09 11:00', 20, 5, '2026-04-27 12:00:00'),
    (393, 131, 'MAT120 Exam 08', 'Exam assessment for MAT120 Section 08.', 'exam', '2026-05-15 11:00', 100, 5, '2026-04-27 12:00:00'),
    (394, 132, 'MAT120 Assignment 09', 'Assignment assessment for MAT120 Section 09.', 'assignment', '2026-05-07 11:00', 100, 6, '2026-04-26 12:00:00'),
    (395, 132, 'MAT120 Quiz 09', 'Quiz assessment for MAT120 Section 09.', 'quiz', '2026-05-10 11:00', 20, 6, '2026-04-26 12:00:00'),
    (396, 132, 'MAT120 Exam 09', 'Exam assessment for MAT120 Section 09.', 'exam', '2026-05-16 11:00', 100, 6, '2026-04-26 12:00:00'),
    (397, 133, 'MAT120 Assignment 10', 'Assignment assessment for MAT120 Section 10.', 'assignment', '2026-05-08 11:00', 100, 7, '2026-04-27 12:00:00'),
    (398, 133, 'MAT120 Quiz 10', 'Quiz assessment for MAT120 Section 10.', 'quiz', '2026-05-11 11:00', 20, 7, '2026-04-27 12:00:00'),
    (399, 133, 'MAT120 Exam 10', 'Exam assessment for MAT120 Section 10.', 'exam', '2026-05-17 11:00', 100, 7, '2026-04-27 12:00:00'),
    (400, 134, 'MAT120 Assignment 11', 'Assignment assessment for MAT120 Section 11.', 'assignment', '2026-05-09 11:00', 100, 8, '2026-04-26 12:00:00'),
    (401, 134, 'MAT120 Quiz 11', 'Quiz assessment for MAT120 Section 11.', 'quiz', '2026-05-12 11:00', 20, 8, '2026-04-26 12:00:00'),
    (402, 134, 'MAT120 Exam 11', 'Exam assessment for MAT120 Section 11.', 'exam', '2026-05-18 11:00', 100, 8, '2026-04-26 12:00:00'),
    (403, 135, 'MAT120 Assignment 12', 'Assignment assessment for MAT120 Section 12.', 'assignment', '2026-05-05 11:00', 100, 4, '2026-04-27 12:00:00'),
    (404, 135, 'MAT120 Quiz 12', 'Quiz assessment for MAT120 Section 12.', 'quiz', '2026-05-08 11:00', 20, 4, '2026-04-27 12:00:00'),
    (405, 135, 'MAT120 Exam 12', 'Exam assessment for MAT120 Section 12.', 'exam', '2026-05-14 11:00', 100, 4, '2026-04-27 12:00:00'),
    (406, 136, 'MAT120 Assignment 13', 'Assignment assessment for MAT120 Section 13.', 'assignment', '2026-05-06 11:00', 100, 5, '2026-04-26 12:00:00'),
    (407, 136, 'MAT120 Quiz 13', 'Quiz assessment for MAT120 Section 13.', 'quiz', '2026-05-09 11:00', 20, 5, '2026-04-26 12:00:00'),
    (408, 136, 'MAT120 Exam 13', 'Exam assessment for MAT120 Section 13.', 'exam', '2026-05-15 11:00', 100, 5, '2026-04-26 12:00:00'),
    (409, 137, 'MAT120 Assignment 14', 'Assignment assessment for MAT120 Section 14.', 'assignment', '2026-05-07 11:00', 100, 6, '2026-04-27 12:00:00'),
    (410, 137, 'MAT120 Quiz 14', 'Quiz assessment for MAT120 Section 14.', 'quiz', '2026-05-10 11:00', 20, 6, '2026-04-27 12:00:00'),
    (411, 137, 'MAT120 Exam 14', 'Exam assessment for MAT120 Section 14.', 'exam', '2026-05-16 11:00', 100, 6, '2026-04-27 12:00:00'),
    (412, 138, 'MAT120 Assignment 15', 'Assignment assessment for MAT120 Section 15.', 'assignment', '2026-05-08 11:00', 100, 7, '2026-04-26 12:00:00'),
    (413, 138, 'MAT120 Quiz 15', 'Quiz assessment for MAT120 Section 15.', 'quiz', '2026-05-11 11:00', 20, 7, '2026-04-26 12:00:00'),
    (414, 138, 'MAT120 Exam 15', 'Exam assessment for MAT120 Section 15.', 'exam', '2026-05-17 11:00', 100, 7, '2026-04-26 12:00:00'),
    (415, 139, 'MAT120 Assignment 16', 'Assignment assessment for MAT120 Section 16.', 'assignment', '2026-05-09 11:00', 100, 8, '2026-04-27 12:00:00'),
    (416, 139, 'MAT120 Quiz 16', 'Quiz assessment for MAT120 Section 16.', 'quiz', '2026-05-12 11:00', 20, 8, '2026-04-27 12:00:00'),
    (417, 139, 'MAT120 Exam 16', 'Exam assessment for MAT120 Section 16.', 'exam', '2026-05-18 11:00', 100, 8, '2026-04-27 12:00:00'),
    (418, 140, 'MAT120 Assignment 17', 'Assignment assessment for MAT120 Section 17.', 'assignment', '2026-05-05 11:00', 100, 4, '2026-04-26 12:00:00'),
    (419, 140, 'MAT120 Quiz 17', 'Quiz assessment for MAT120 Section 17.', 'quiz', '2026-05-08 11:00', 20, 4, '2026-04-26 12:00:00'),
    (420, 140, 'MAT120 Exam 17', 'Exam assessment for MAT120 Section 17.', 'exam', '2026-05-14 11:00', 100, 4, '2026-04-26 12:00:00'),
    (421, 141, 'MAT120 Assignment 18', 'Assignment assessment for MAT120 Section 18.', 'assignment', '2026-05-06 11:00', 100, 5, '2026-04-27 12:00:00'),
    (422, 141, 'MAT120 Quiz 18', 'Quiz assessment for MAT120 Section 18.', 'quiz', '2026-05-09 11:00', 20, 5, '2026-04-27 12:00:00'),
    (423, 141, 'MAT120 Exam 18', 'Exam assessment for MAT120 Section 18.', 'exam', '2026-05-15 11:00', 100, 5, '2026-04-27 12:00:00'),
    (424, 142, 'MAT250 Assignment 01', 'Assignment assessment for MAT250 Section 01.', 'assignment', '2026-05-07 11:00', 100, 4, '2026-04-26 12:00:00'),
    (425, 142, 'MAT250 Quiz 01', 'Quiz assessment for MAT250 Section 01.', 'quiz', '2026-05-10 11:00', 20, 4, '2026-04-26 12:00:00'),
    (426, 142, 'MAT250 Exam 01', 'Exam assessment for MAT250 Section 01.', 'exam', '2026-05-16 11:00', 100, 4, '2026-04-26 12:00:00'),
    (427, 143, 'MAT250 Assignment 02', 'Assignment assessment for MAT250 Section 02.', 'assignment', '2026-05-08 11:00', 100, 5, '2026-04-27 12:00:00'),
    (428, 143, 'MAT250 Quiz 02', 'Quiz assessment for MAT250 Section 02.', 'quiz', '2026-05-11 11:00', 20, 5, '2026-04-27 12:00:00'),
    (429, 143, 'MAT250 Exam 02', 'Exam assessment for MAT250 Section 02.', 'exam', '2026-05-17 11:00', 100, 5, '2026-04-27 12:00:00'),
    (430, 144, 'MAT250 Assignment 03', 'Assignment assessment for MAT250 Section 03.', 'assignment', '2026-05-09 11:00', 100, 6, '2026-04-26 12:00:00'),
    (431, 144, 'MAT250 Quiz 03', 'Quiz assessment for MAT250 Section 03.', 'quiz', '2026-05-12 11:00', 20, 6, '2026-04-26 12:00:00'),
    (432, 144, 'MAT250 Exam 03', 'Exam assessment for MAT250 Section 03.', 'exam', '2026-05-18 11:00', 100, 6, '2026-04-26 12:00:00'),
    (433, 145, 'MAT250 Assignment 04', 'Assignment assessment for MAT250 Section 04.', 'assignment', '2026-05-05 11:00', 100, 7, '2026-04-27 12:00:00'),
    (434, 145, 'MAT250 Quiz 04', 'Quiz assessment for MAT250 Section 04.', 'quiz', '2026-05-08 11:00', 20, 7, '2026-04-27 12:00:00'),
    (435, 145, 'MAT250 Exam 04', 'Exam assessment for MAT250 Section 04.', 'exam', '2026-05-14 11:00', 100, 7, '2026-04-27 12:00:00'),
    (436, 146, 'MAT250 Assignment 05', 'Assignment assessment for MAT250 Section 05.', 'assignment', '2026-05-06 11:00', 100, 8, '2026-04-26 12:00:00'),
    (437, 146, 'MAT250 Quiz 05', 'Quiz assessment for MAT250 Section 05.', 'quiz', '2026-05-09 11:00', 20, 8, '2026-04-26 12:00:00'),
    (438, 146, 'MAT250 Exam 05', 'Exam assessment for MAT250 Section 05.', 'exam', '2026-05-15 11:00', 100, 8, '2026-04-26 12:00:00'),
    (439, 147, 'MAT250 Assignment 06', 'Assignment assessment for MAT250 Section 06.', 'assignment', '2026-05-07 11:00', 100, 4, '2026-04-27 12:00:00'),
    (440, 147, 'MAT250 Quiz 06', 'Quiz assessment for MAT250 Section 06.', 'quiz', '2026-05-10 11:00', 20, 4, '2026-04-27 12:00:00'),
    (441, 147, 'MAT250 Exam 06', 'Exam assessment for MAT250 Section 06.', 'exam', '2026-05-16 11:00', 100, 4, '2026-04-27 12:00:00'),
    (442, 148, 'MAT250 Assignment 07', 'Assignment assessment for MAT250 Section 07.', 'assignment', '2026-05-08 11:00', 100, 5, '2026-04-26 12:00:00'),
    (443, 148, 'MAT250 Quiz 07', 'Quiz assessment for MAT250 Section 07.', 'quiz', '2026-05-11 11:00', 20, 5, '2026-04-26 12:00:00'),
    (444, 148, 'MAT250 Exam 07', 'Exam assessment for MAT250 Section 07.', 'exam', '2026-05-17 11:00', 100, 5, '2026-04-26 12:00:00'),
    (445, 149, 'MAT250 Assignment 08', 'Assignment assessment for MAT250 Section 08.', 'assignment', '2026-05-09 11:00', 100, 6, '2026-04-27 12:00:00'),
    (446, 149, 'MAT250 Quiz 08', 'Quiz assessment for MAT250 Section 08.', 'quiz', '2026-05-12 11:00', 20, 6, '2026-04-27 12:00:00'),
    (447, 149, 'MAT250 Exam 08', 'Exam assessment for MAT250 Section 08.', 'exam', '2026-05-18 11:00', 100, 6, '2026-04-27 12:00:00'),
    (448, 150, 'MAT250 Assignment 09', 'Assignment assessment for MAT250 Section 09.', 'assignment', '2026-05-05 11:00', 100, 7, '2026-04-26 12:00:00'),
    (449, 150, 'MAT250 Quiz 09', 'Quiz assessment for MAT250 Section 09.', 'quiz', '2026-05-08 11:00', 20, 7, '2026-04-26 12:00:00'),
    (450, 150, 'MAT250 Exam 09', 'Exam assessment for MAT250 Section 09.', 'exam', '2026-05-14 11:00', 100, 7, '2026-04-26 12:00:00'),
    (451, 151, 'MAT250 Assignment 10', 'Assignment assessment for MAT250 Section 10.', 'assignment', '2026-05-06 11:00', 100, 8, '2026-04-27 12:00:00'),
    (452, 151, 'MAT250 Quiz 10', 'Quiz assessment for MAT250 Section 10.', 'quiz', '2026-05-09 11:00', 20, 8, '2026-04-27 12:00:00'),
    (453, 151, 'MAT250 Exam 10', 'Exam assessment for MAT250 Section 10.', 'exam', '2026-05-15 11:00', 100, 8, '2026-04-27 12:00:00'),
    (454, 152, 'MAT250 Assignment 11', 'Assignment assessment for MAT250 Section 11.', 'assignment', '2026-05-07 11:00', 100, 4, '2026-04-26 12:00:00'),
    (455, 152, 'MAT250 Quiz 11', 'Quiz assessment for MAT250 Section 11.', 'quiz', '2026-05-10 11:00', 20, 4, '2026-04-26 12:00:00'),
    (456, 152, 'MAT250 Exam 11', 'Exam assessment for MAT250 Section 11.', 'exam', '2026-05-16 11:00', 100, 4, '2026-04-26 12:00:00'),
    (457, 153, 'MAT250 Assignment 12', 'Assignment assessment for MAT250 Section 12.', 'assignment', '2026-05-08 11:00', 100, 5, '2026-04-27 12:00:00'),
    (458, 153, 'MAT250 Quiz 12', 'Quiz assessment for MAT250 Section 12.', 'quiz', '2026-05-11 11:00', 20, 5, '2026-04-27 12:00:00'),
    (459, 153, 'MAT250 Exam 12', 'Exam assessment for MAT250 Section 12.', 'exam', '2026-05-17 11:00', 100, 5, '2026-04-27 12:00:00'),
    (460, 154, 'MAT350 Assignment 01', 'Assignment assessment for MAT350 Section 01.', 'assignment', '2026-05-09 11:00', 100, 5, '2026-04-26 12:00:00'),
    (461, 154, 'MAT350 Quiz 01', 'Quiz assessment for MAT350 Section 01.', 'quiz', '2026-05-12 11:00', 20, 5, '2026-04-26 12:00:00'),
    (462, 154, 'MAT350 Exam 01', 'Exam assessment for MAT350 Section 01.', 'exam', '2026-05-18 11:00', 100, 5, '2026-04-26 12:00:00'),
    (463, 155, 'MAT350 Assignment 02', 'Assignment assessment for MAT350 Section 02.', 'assignment', '2026-05-05 11:00', 100, 6, '2026-04-27 12:00:00'),
    (464, 155, 'MAT350 Quiz 02', 'Quiz assessment for MAT350 Section 02.', 'quiz', '2026-05-08 11:00', 20, 6, '2026-04-27 12:00:00'),
    (465, 155, 'MAT350 Exam 02', 'Exam assessment for MAT350 Section 02.', 'exam', '2026-05-14 11:00', 100, 6, '2026-04-27 12:00:00'),
    (466, 156, 'MAT350 Assignment 03', 'Assignment assessment for MAT350 Section 03.', 'assignment', '2026-05-06 11:00', 100, 7, '2026-04-26 12:00:00'),
    (467, 156, 'MAT350 Quiz 03', 'Quiz assessment for MAT350 Section 03.', 'quiz', '2026-05-09 11:00', 20, 7, '2026-04-26 12:00:00'),
    (468, 156, 'MAT350 Exam 03', 'Exam assessment for MAT350 Section 03.', 'exam', '2026-05-15 11:00', 100, 7, '2026-04-26 12:00:00'),
    (469, 157, 'MAT350 Assignment 04', 'Assignment assessment for MAT350 Section 04.', 'assignment', '2026-05-07 11:00', 100, 8, '2026-04-27 12:00:00'),
    (470, 157, 'MAT350 Quiz 04', 'Quiz assessment for MAT350 Section 04.', 'quiz', '2026-05-10 11:00', 20, 8, '2026-04-27 12:00:00'),
    (471, 157, 'MAT350 Exam 04', 'Exam assessment for MAT350 Section 04.', 'exam', '2026-05-16 11:00', 100, 8, '2026-04-27 12:00:00'),
    (472, 158, 'MAT350 Assignment 05', 'Assignment assessment for MAT350 Section 05.', 'assignment', '2026-05-08 11:00', 100, 4, '2026-04-26 12:00:00'),
    (473, 158, 'MAT350 Quiz 05', 'Quiz assessment for MAT350 Section 05.', 'quiz', '2026-05-11 11:00', 20, 4, '2026-04-26 12:00:00'),
    (474, 158, 'MAT350 Exam 05', 'Exam assessment for MAT350 Section 05.', 'exam', '2026-05-17 11:00', 100, 4, '2026-04-26 12:00:00'),
    (475, 159, 'MAT350 Assignment 06', 'Assignment assessment for MAT350 Section 06.', 'assignment', '2026-05-09 11:00', 100, 5, '2026-04-27 12:00:00'),
    (476, 159, 'MAT350 Quiz 06', 'Quiz assessment for MAT350 Section 06.', 'quiz', '2026-05-12 11:00', 20, 5, '2026-04-27 12:00:00'),
    (477, 159, 'MAT350 Exam 06', 'Exam assessment for MAT350 Section 06.', 'exam', '2026-05-18 11:00', 100, 5, '2026-04-27 12:00:00'),
    (478, 160, 'MAT350 Assignment 07', 'Assignment assessment for MAT350 Section 07.', 'assignment', '2026-05-05 11:00', 100, 6, '2026-04-26 12:00:00'),
    (479, 160, 'MAT350 Quiz 07', 'Quiz assessment for MAT350 Section 07.', 'quiz', '2026-05-08 11:00', 20, 6, '2026-04-26 12:00:00'),
    (480, 160, 'MAT350 Exam 07', 'Exam assessment for MAT350 Section 07.', 'exam', '2026-05-14 11:00', 100, 6, '2026-04-26 12:00:00'),
    (481, 161, 'MAT350 Assignment 08', 'Assignment assessment for MAT350 Section 08.', 'assignment', '2026-05-06 11:00', 100, 7, '2026-04-27 12:00:00'),
    (482, 161, 'MAT350 Quiz 08', 'Quiz assessment for MAT350 Section 08.', 'quiz', '2026-05-09 11:00', 20, 7, '2026-04-27 12:00:00'),
    (483, 161, 'MAT350 Exam 08', 'Exam assessment for MAT350 Section 08.', 'exam', '2026-05-15 11:00', 100, 7, '2026-04-27 12:00:00'),
    (484, 162, 'MAT361 Assignment 01', 'Assignment assessment for MAT361 Section 01.', 'assignment', '2026-05-07 11:00', 100, 6, '2026-04-26 12:00:00'),
    (485, 162, 'MAT361 Quiz 01', 'Quiz assessment for MAT361 Section 01.', 'quiz', '2026-05-10 11:00', 20, 6, '2026-04-26 12:00:00'),
    (486, 162, 'MAT361 Exam 01', 'Exam assessment for MAT361 Section 01.', 'exam', '2026-05-16 11:00', 100, 6, '2026-04-26 12:00:00'),
    (487, 163, 'MAT361 Assignment 02', 'Assignment assessment for MAT361 Section 02.', 'assignment', '2026-05-08 11:00', 100, 7, '2026-04-27 12:00:00'),
    (488, 163, 'MAT361 Quiz 02', 'Quiz assessment for MAT361 Section 02.', 'quiz', '2026-05-11 11:00', 20, 7, '2026-04-27 12:00:00'),
    (489, 163, 'MAT361 Exam 02', 'Exam assessment for MAT361 Section 02.', 'exam', '2026-05-17 11:00', 100, 7, '2026-04-27 12:00:00'),
    (490, 164, 'MAT361 Assignment 03', 'Assignment assessment for MAT361 Section 03.', 'assignment', '2026-05-09 11:00', 100, 8, '2026-04-26 12:00:00'),
    (491, 164, 'MAT361 Quiz 03', 'Quiz assessment for MAT361 Section 03.', 'quiz', '2026-05-12 11:00', 20, 8, '2026-04-26 12:00:00'),
    (492, 164, 'MAT361 Exam 03', 'Exam assessment for MAT361 Section 03.', 'exam', '2026-05-18 11:00', 100, 8, '2026-04-26 12:00:00'),
    (493, 165, 'MAT361 Assignment 04', 'Assignment assessment for MAT361 Section 04.', 'assignment', '2026-05-05 11:00', 100, 4, '2026-04-27 12:00:00'),
    (494, 165, 'MAT361 Quiz 04', 'Quiz assessment for MAT361 Section 04.', 'quiz', '2026-05-08 11:00', 20, 4, '2026-04-27 12:00:00'),
    (495, 165, 'MAT361 Exam 04', 'Exam assessment for MAT361 Section 04.', 'exam', '2026-05-14 11:00', 100, 4, '2026-04-27 12:00:00'),
    (496, 166, 'MAT361 Assignment 05', 'Assignment assessment for MAT361 Section 05.', 'assignment', '2026-05-06 11:00', 100, 5, '2026-04-26 12:00:00'),
    (497, 166, 'MAT361 Quiz 05', 'Quiz assessment for MAT361 Section 05.', 'quiz', '2026-05-09 11:00', 20, 5, '2026-04-26 12:00:00'),
    (498, 166, 'MAT361 Exam 05', 'Exam assessment for MAT361 Section 05.', 'exam', '2026-05-15 11:00', 100, 5, '2026-04-26 12:00:00'),
    (499, 167, 'MAT361 Assignment 06', 'Assignment assessment for MAT361 Section 06.', 'assignment', '2026-05-07 11:00', 100, 6, '2026-04-27 12:00:00'),
    (500, 167, 'MAT361 Quiz 06', 'Quiz assessment for MAT361 Section 06.', 'quiz', '2026-05-10 11:00', 20, 6, '2026-04-27 12:00:00'),
    (501, 167, 'MAT361 Exam 06', 'Exam assessment for MAT361 Section 06.', 'exam', '2026-05-16 11:00', 100, 6, '2026-04-27 12:00:00'),
    (502, 168, 'MAT361 Assignment 07', 'Assignment assessment for MAT361 Section 07.', 'assignment', '2026-05-08 11:00', 100, 7, '2026-04-26 12:00:00'),
    (503, 168, 'MAT361 Quiz 07', 'Quiz assessment for MAT361 Section 07.', 'quiz', '2026-05-11 11:00', 20, 7, '2026-04-26 12:00:00'),
    (504, 168, 'MAT361 Exam 07', 'Exam assessment for MAT361 Section 07.', 'exam', '2026-05-17 11:00', 100, 7, '2026-04-26 12:00:00');

INSERT INTO submissions (assessment_id, student_id, file_path, notes, submitted_at) VALUES
    (1, 3, '/submissions/aryansami_cse115_01_assignment.pdf', 'Submitted for CSE115 assignment.', '2026-04-27 13:00:00'),
    (7, 1, '/submissions/midhatshazzad_cse115_03_assignment.pdf', 'Submitted for CSE115 assignment.', '2026-04-27 11:00:00'),
    (13, 2, '/submissions/arebisarker_cse115_05_assignment.pdf', 'Submitted for CSE115 assignment.', '2026-04-27 12:00:00'),
    (76, 1, '/submissions/midhatshazzad_cse299_01_assignment.pdf', 'Submitted for CSE299 assignment.', '2026-04-27 11:00:00'),
    (79, 2, '/submissions/arebisarker_cse299_02_assignment.pdf', 'Submitted for CSE299 assignment.', '2026-04-27 12:00:00'),
    (112, 1, '/submissions/midhatshazzad_cse323_01_assignment.pdf', 'Submitted for CSE323 assignment.', '2026-04-27 11:00:00'),
    (115, 3, '/submissions/aryansami_cse323_02_assignment.pdf', 'Submitted for CSE323 assignment.', '2026-04-27 13:00:00'),
    (139, 2, '/submissions/arebisarker_cse327_01_assignment.pdf', 'Submitted for CSE327 assignment.', '2026-04-27 12:00:00'),
    (142, 1, '/submissions/midhatshazzad_cse327_02_assignment.pdf', 'Submitted for CSE327 assignment.', '2026-04-27 11:00:00'),
    (163, 3, '/submissions/aryansami_cse468_01_assignment.pdf', 'Submitted for CSE468 assignment.', '2026-04-27 13:00:00'),
    (181, 1, '/submissions/midhatshazzad_cse499_01_assignment.pdf', 'Submitted for CSE499 assignment.', '2026-04-27 11:00:00'),
    (199, 1, '/submissions/midhatshazzad_eng111_02_assignment.pdf', 'Submitted for ENG111 assignment.', '2026-04-27 11:00:00'),
    (205, 3, '/submissions/aryansami_eng111_04_assignment.pdf', 'Submitted for ENG111 assignment.', '2026-04-27 13:00:00'),
    (256, 2, '/submissions/arebisarker_eng115_01_assignment.pdf', 'Submitted for ENG115 assignment.', '2026-04-27 12:00:00'),
    (313, 2, '/submissions/arebisarker_mat16_02_assignment.pdf', 'Submitted for MAT16 assignment.', '2026-04-27 12:00:00'),
    (322, 3, '/submissions/aryansami_mat16_05_assignment.pdf', 'Submitted for MAT16 assignment.', '2026-04-27 13:00:00'),
    (379, 1, '/submissions/midhatshazzad_mat120_04_assignment.pdf', 'Submitted for MAT120 assignment.', '2026-04-27 11:00:00'),
    (385, 2, '/submissions/arebisarker_mat120_06_assignment.pdf', 'Submitted for MAT120 assignment.', '2026-04-27 12:00:00'),
    (424, 3, '/submissions/aryansami_mat250_01_assignment.pdf', 'Submitted for MAT250 assignment.', '2026-04-27 13:00:00'),
    (460, 3, '/submissions/aryansami_mat350_01_assignment.pdf', 'Submitted for MAT350 assignment.', '2026-04-27 13:00:00'),
    (484, 2, '/submissions/arebisarker_mat361_01_assignment.pdf', 'Submitted for MAT361 assignment.', '2026-04-27 12:00:00');

INSERT INTO grades (assessment_id, student_id, graded_by, score, feedback, graded_at) VALUES
    (1, 3, 4, 70.0, 'Performance feedback for CSE115 assignment.', '2026-04-28 13:30:00'),
    (2, 3, 4, 14.2, 'Performance feedback for CSE115 quiz.', '2026-04-28 13:30:00'),
    (3, 3, 4, 72.0, 'Performance feedback for CSE115 exam.', '2026-04-28 13:30:00'),
    (7, 1, 6, 93.0, 'Performance feedback for CSE115 assignment.', '2026-04-28 11:30:00'),
    (8, 1, 6, 18.8, 'Performance feedback for CSE115 quiz.', '2026-04-28 11:30:00'),
    (9, 1, 6, 70.0, 'Performance feedback for CSE115 exam.', '2026-04-28 11:30:00'),
    (13, 2, 8, 87.0, 'Performance feedback for CSE115 assignment.', '2026-04-28 12:30:00'),
    (14, 2, 8, 17.6, 'Performance feedback for CSE115 quiz.', '2026-04-28 12:30:00'),
    (15, 2, 8, 89.0, 'Performance feedback for CSE115 exam.', '2026-04-28 12:30:00'),
    (76, 1, 5, 81.0, 'Performance feedback for CSE299 assignment.', '2026-04-28 11:30:00'),
    (77, 1, 5, 16.4, 'Performance feedback for CSE299 quiz.', '2026-04-28 11:30:00'),
    (78, 1, 5, 83.0, 'Performance feedback for CSE299 exam.', '2026-04-28 11:30:00'),
    (79, 2, 6, 94.0, 'Performance feedback for CSE299 assignment.', '2026-04-28 12:30:00'),
    (80, 2, 6, 14.0, 'Performance feedback for CSE299 quiz.', '2026-04-28 12:30:00'),
    (81, 2, 6, 71.0, 'Performance feedback for CSE299 exam.', '2026-04-28 12:30:00'),
    (112, 1, 6, 78.0, 'Performance feedback for CSE323 assignment.', '2026-04-28 11:30:00'),
    (113, 1, 6, 15.8, 'Performance feedback for CSE323 quiz.', '2026-04-28 11:30:00'),
    (114, 1, 6, 80.0, 'Performance feedback for CSE323 exam.', '2026-04-28 11:30:00'),
    (115, 3, 7, 73.0, 'Performance feedback for CSE323 assignment.', '2026-04-28 13:30:00'),
    (116, 3, 7, 14.8, 'Performance feedback for CSE323 quiz.', '2026-04-28 13:30:00'),
    (117, 3, 7, 75.0, 'Performance feedback for CSE323 exam.', '2026-04-28 13:30:00'),
    (139, 2, 7, 89.0, 'Performance feedback for CSE327 assignment.', '2026-04-28 12:30:00'),
    (140, 2, 7, 18.0, 'Performance feedback for CSE327 quiz.', '2026-04-28 12:30:00'),
    (141, 2, 7, 91.0, 'Performance feedback for CSE327 exam.', '2026-04-28 12:30:00'),
    (142, 1, 8, 88.0, 'Performance feedback for CSE327 assignment.', '2026-04-28 11:30:00'),
    (143, 1, 8, 17.8, 'Performance feedback for CSE327 quiz.', '2026-04-28 11:30:00'),
    (144, 1, 8, 90.0, 'Performance feedback for CSE327 exam.', '2026-04-28 11:30:00'),
    (163, 3, 8, 94.0, 'Performance feedback for CSE468 assignment.', '2026-04-28 13:30:00'),
    (164, 3, 8, 14.0, 'Performance feedback for CSE468 quiz.', '2026-04-28 13:30:00'),
    (165, 3, 8, 71.0, 'Performance feedback for CSE468 exam.', '2026-04-28 13:30:00'),
    (181, 1, 4, 91.0, 'Performance feedback for CSE499 assignment.', '2026-04-28 11:30:00'),
    (182, 1, 4, 18.4, 'Performance feedback for CSE499 quiz.', '2026-04-28 11:30:00'),
    (183, 1, 4, 93.0, 'Performance feedback for CSE499 exam.', '2026-04-28 11:30:00'),
    (199, 1, 6, 77.0, 'Performance feedback for ENG111 assignment.', '2026-04-28 11:30:00'),
    (200, 1, 6, 15.6, 'Performance feedback for ENG111 quiz.', '2026-04-28 11:30:00'),
    (201, 1, 6, 79.0, 'Performance feedback for ENG111 exam.', '2026-04-28 11:30:00'),
    (205, 3, 8, 78.0, 'Performance feedback for ENG111 assignment.', '2026-04-28 13:30:00'),
    (206, 3, 8, 15.8, 'Performance feedback for ENG111 quiz.', '2026-04-28 13:30:00'),
    (207, 3, 8, 80.0, 'Performance feedback for ENG111 exam.', '2026-04-28 13:30:00'),
    (256, 2, 6, 73.0, 'Performance feedback for ENG115 assignment.', '2026-04-28 12:30:00'),
    (257, 2, 6, 14.8, 'Performance feedback for ENG115 quiz.', '2026-04-28 12:30:00'),
    (258, 2, 6, 75.0, 'Performance feedback for ENG115 exam.', '2026-04-28 12:30:00'),
    (313, 2, 8, 87.0, 'Performance feedback for MAT16 assignment.', '2026-04-28 12:30:00'),
    (314, 2, 8, 17.6, 'Performance feedback for MAT16 quiz.', '2026-04-28 12:30:00'),
    (315, 2, 8, 89.0, 'Performance feedback for MAT16 exam.', '2026-04-28 12:30:00'),
    (322, 3, 6, 87.0, 'Performance feedback for MAT16 assignment.', '2026-04-28 13:30:00'),
    (323, 3, 6, 17.6, 'Performance feedback for MAT16 quiz.', '2026-04-28 13:30:00'),
    (324, 3, 6, 89.0, 'Performance feedback for MAT16 exam.', '2026-04-28 13:30:00'),
    (379, 1, 6, 87.0, 'Performance feedback for MAT120 assignment.', '2026-04-28 11:30:00'),
    (380, 1, 6, 17.6, 'Performance feedback for MAT120 quiz.', '2026-04-28 11:30:00'),
    (381, 1, 6, 89.0, 'Performance feedback for MAT120 exam.', '2026-04-28 11:30:00'),
    (385, 2, 8, 81.0, 'Performance feedback for MAT120 assignment.', '2026-04-28 12:30:00'),
    (386, 2, 8, 16.4, 'Performance feedback for MAT120 quiz.', '2026-04-28 12:30:00'),
    (387, 2, 8, 83.0, 'Performance feedback for MAT120 exam.', '2026-04-28 12:30:00'),
    (424, 3, 4, 91.0, 'Performance feedback for MAT250 assignment.', '2026-04-28 13:30:00'),
    (425, 3, 4, 18.4, 'Performance feedback for MAT250 quiz.', '2026-04-28 13:30:00'),
    (426, 3, 4, 93.0, 'Performance feedback for MAT250 exam.', '2026-04-28 13:30:00'),
    (460, 3, 5, 88.0, 'Performance feedback for MAT350 assignment.', '2026-04-28 13:30:00'),
    (461, 3, 5, 17.8, 'Performance feedback for MAT350 quiz.', '2026-04-28 13:30:00'),
    (462, 3, 5, 90.0, 'Performance feedback for MAT350 exam.', '2026-04-28 13:30:00'),
    (484, 2, 6, 79.0, 'Performance feedback for MAT361 assignment.', '2026-04-28 12:30:00'),
    (485, 2, 6, 16.0, 'Performance feedback for MAT361 quiz.', '2026-04-28 12:30:00'),
    (486, 2, 6, 81.0, 'Performance feedback for MAT361 exam.', '2026-04-28 12:30:00');

INSERT INTO attendance_sessions (id, section_id, held_on, topic, created_by) VALUES
    (1, 1, '2026-04-24', 'CSE115 kickoff', 4),
    (2, 1, '2026-04-26', 'CSE115 guided work', 4),
    (3, 3, '2026-04-24', 'CSE115 kickoff', 6),
    (4, 3, '2026-04-26', 'CSE115 guided work', 6),
    (5, 5, '2026-04-24', 'CSE115 kickoff', 8),
    (6, 5, '2026-04-26', 'CSE115 guided work', 8),
    (7, 26, '2026-04-24', 'CSE299 kickoff', 5),
    (8, 26, '2026-04-26', 'CSE299 guided work', 5),
    (9, 27, '2026-04-24', 'CSE299 kickoff', 6),
    (10, 27, '2026-04-26', 'CSE299 guided work', 6),
    (11, 38, '2026-04-24', 'CSE323 kickoff', 6),
    (12, 38, '2026-04-26', 'CSE323 guided work', 6),
    (13, 39, '2026-04-24', 'CSE323 kickoff', 7),
    (14, 39, '2026-04-26', 'CSE323 guided work', 7),
    (15, 47, '2026-04-24', 'CSE327 kickoff', 7),
    (16, 47, '2026-04-26', 'CSE327 guided work', 7),
    (17, 48, '2026-04-24', 'CSE327 kickoff', 8),
    (18, 48, '2026-04-26', 'CSE327 guided work', 8),
    (19, 55, '2026-04-24', 'CSE468 kickoff', 8),
    (20, 55, '2026-04-26', 'CSE468 guided work', 8),
    (21, 61, '2026-04-24', 'CSE499 kickoff', 4),
    (22, 61, '2026-04-26', 'CSE499 guided work', 4),
    (23, 67, '2026-04-24', 'ENG111 kickoff', 6),
    (24, 67, '2026-04-26', 'ENG111 guided work', 6),
    (25, 69, '2026-04-24', 'ENG111 kickoff', 8),
    (26, 69, '2026-04-26', 'ENG111 guided work', 8),
    (27, 86, '2026-04-24', 'ENG115 kickoff', 6),
    (28, 86, '2026-04-26', 'ENG115 guided work', 6),
    (29, 105, '2026-04-24', 'MAT16 kickoff', 8),
    (30, 105, '2026-04-26', 'MAT16 guided work', 8),
    (31, 108, '2026-04-24', 'MAT16 kickoff', 6),
    (32, 108, '2026-04-26', 'MAT16 guided work', 6),
    (33, 127, '2026-04-24', 'MAT120 kickoff', 6),
    (34, 127, '2026-04-26', 'MAT120 guided work', 6),
    (35, 129, '2026-04-24', 'MAT120 kickoff', 8),
    (36, 129, '2026-04-26', 'MAT120 guided work', 8),
    (37, 142, '2026-04-24', 'MAT250 kickoff', 4),
    (38, 142, '2026-04-26', 'MAT250 guided work', 4),
    (39, 154, '2026-04-24', 'MAT350 kickoff', 5),
    (40, 154, '2026-04-26', 'MAT350 guided work', 5),
    (41, 162, '2026-04-24', 'MAT361 kickoff', 6),
    (42, 162, '2026-04-26', 'MAT361 guided work', 6);

INSERT INTO attendance_records (session_id, student_id, status) VALUES
    (1, 3, 'present'),
    (2, 3, 'present'),
    (3, 1, 'present'),
    (4, 1, 'present'),
    (5, 2, 'present'),
    (6, 2, 'present'),
    (7, 1, 'present'),
    (8, 1, 'absent'),
    (9, 2, 'present'),
    (10, 2, 'present'),
    (11, 1, 'present'),
    (12, 1, 'absent'),
    (13, 3, 'present'),
    (14, 3, 'absent'),
    (15, 2, 'present'),
    (16, 2, 'present'),
    (17, 1, 'present'),
    (18, 1, 'present'),
    (19, 3, 'present'),
    (20, 3, 'present'),
    (21, 1, 'present'),
    (22, 1, 'present'),
    (23, 1, 'present'),
    (24, 1, 'present'),
    (25, 3, 'present'),
    (26, 3, 'absent'),
    (27, 2, 'present'),
    (28, 2, 'present'),
    (29, 2, 'present'),
    (30, 2, 'present'),
    (31, 3, 'present'),
    (32, 3, 'absent'),
    (33, 1, 'present'),
    (34, 1, 'present'),
    (35, 2, 'present'),
    (36, 2, 'present'),
    (37, 3, 'present'),
    (38, 3, 'present'),
    (39, 3, 'present'),
    (40, 3, 'present'),
    (41, 2, 'present'),
    (42, 2, 'present');

INSERT INTO messages (section_id, sender_user_id, recipient_user_id, body, sent_at) VALUES
    (1, 3, NULL, 'Checking in on the current priorities for CSE115 Section 01.', '2026-04-27 13:15:00'),
    (3, 1, NULL, 'Checking in on the current priorities for CSE115 Section 03.', '2026-04-27 11:15:00'),
    (5, 2, NULL, 'Checking in on the current priorities for CSE115 Section 05.', '2026-04-27 12:15:00'),
    (26, 1, NULL, 'Checking in on the current priorities for CSE299 Section 01.', '2026-04-27 11:15:00'),
    (27, 2, NULL, 'Checking in on the current priorities for CSE299 Section 02.', '2026-04-27 12:15:00'),
    (38, 1, NULL, 'Checking in on the current priorities for CSE323 Section 01.', '2026-04-27 11:15:00'),
    (39, 3, NULL, 'Checking in on the current priorities for CSE323 Section 02.', '2026-04-27 13:15:00'),
    (47, 2, NULL, 'Checking in on the current priorities for CSE327 Section 01.', '2026-04-27 12:15:00'),
    (48, 1, NULL, 'Checking in on the current priorities for CSE327 Section 02.', '2026-04-27 11:15:00'),
    (55, 3, NULL, 'Checking in on the current priorities for CSE468 Section 01.', '2026-04-27 13:15:00'),
    (61, 1, NULL, 'Checking in on the current priorities for CSE499 Section 01.', '2026-04-27 11:15:00'),
    (67, 1, NULL, 'Checking in on the current priorities for ENG111 Section 02.', '2026-04-27 11:15:00'),
    (69, 3, NULL, 'Checking in on the current priorities for ENG111 Section 04.', '2026-04-27 13:15:00'),
    (86, 2, NULL, 'Checking in on the current priorities for ENG115 Section 01.', '2026-04-27 12:15:00'),
    (105, 2, NULL, 'Checking in on the current priorities for MAT16 Section 02.', '2026-04-27 12:15:00'),
    (108, 3, NULL, 'Checking in on the current priorities for MAT16 Section 05.', '2026-04-27 13:15:00'),
    (127, 1, NULL, 'Checking in on the current priorities for MAT120 Section 04.', '2026-04-27 11:15:00'),
    (129, 2, NULL, 'Checking in on the current priorities for MAT120 Section 06.', '2026-04-27 12:15:00'),
    (142, 3, NULL, 'Checking in on the current priorities for MAT250 Section 01.', '2026-04-27 13:15:00'),
    (154, 3, NULL, 'Checking in on the current priorities for MAT350 Section 01.', '2026-04-27 13:15:00'),
    (162, 2, NULL, 'Checking in on the current priorities for MAT361 Section 01.', '2026-04-27 12:15:00');

INSERT INTO calendar_events (section_id, created_by, title, description, event_type, event_date) VALUES
    (NULL, 9, 'University Innovation Week', 'Cross-campus showcase and activity week.', 'general', '2026-05-20'),
    (1, 4, 'CSE115 Milestone 01', 'Scheduled presentation checkpoint for CSE115 Section 01.', 'presentation', '2026-05-04'),
    (2, 5, 'CSE115 Milestone 02', 'Scheduled exam checkpoint for CSE115 Section 02.', 'exam', '2026-05-05'),
    (3, 6, 'CSE115 Milestone 03', 'Scheduled quiz checkpoint for CSE115 Section 03.', 'quiz', '2026-05-06'),
    (4, 7, 'CSE115 Milestone 04', 'Scheduled presentation checkpoint for CSE115 Section 04.', 'presentation', '2026-05-07'),
    (5, 8, 'CSE115 Milestone 05', 'Scheduled exam checkpoint for CSE115 Section 05.', 'exam', '2026-05-08'),
    (6, 4, 'CSE115 Milestone 06', 'Scheduled quiz checkpoint for CSE115 Section 06.', 'quiz', '2026-05-09'),
    (7, 5, 'CSE115 Milestone 07', 'Scheduled presentation checkpoint for CSE115 Section 07.', 'presentation', '2026-05-10'),
    (8, 6, 'CSE115 Milestone 08', 'Scheduled exam checkpoint for CSE115 Section 08.', 'exam', '2026-05-11'),
    (9, 7, 'CSE115 Milestone 09', 'Scheduled quiz checkpoint for CSE115 Section 09.', 'quiz', '2026-05-12'),
    (10, 8, 'CSE115 Milestone 10', 'Scheduled presentation checkpoint for CSE115 Section 10.', 'presentation', '2026-05-13'),
    (11, 4, 'CSE115 Milestone 11', 'Scheduled exam checkpoint for CSE115 Section 11.', 'exam', '2026-05-14'),
    (12, 5, 'CSE115 Milestone 12', 'Scheduled quiz checkpoint for CSE115 Section 12.', 'quiz', '2026-05-15'),
    (13, 6, 'CSE115 Milestone 13', 'Scheduled presentation checkpoint for CSE115 Section 13.', 'presentation', '2026-05-16'),
    (14, 7, 'CSE115 Milestone 14', 'Scheduled exam checkpoint for CSE115 Section 14.', 'exam', '2026-05-17'),
    (15, 8, 'CSE115 Milestone 15', 'Scheduled quiz checkpoint for CSE115 Section 15.', 'quiz', '2026-05-18'),
    (16, 4, 'CSE115 Milestone 16', 'Scheduled presentation checkpoint for CSE115 Section 16.', 'presentation', '2026-05-19'),
    (17, 5, 'CSE115 Milestone 17', 'Scheduled exam checkpoint for CSE115 Section 17.', 'exam', '2026-05-20'),
    (18, 6, 'CSE115 Milestone 18', 'Scheduled quiz checkpoint for CSE115 Section 18.', 'quiz', '2026-05-21'),
    (19, 7, 'CSE115 Milestone 19', 'Scheduled presentation checkpoint for CSE115 Section 19.', 'presentation', '2026-05-22'),
    (20, 8, 'CSE115 Milestone 20', 'Scheduled exam checkpoint for CSE115 Section 20.', 'exam', '2026-05-03'),
    (21, 4, 'CSE115 Milestone 21', 'Scheduled quiz checkpoint for CSE115 Section 21.', 'quiz', '2026-05-04'),
    (22, 5, 'CSE115 Milestone 22', 'Scheduled presentation checkpoint for CSE115 Section 22.', 'presentation', '2026-05-05'),
    (23, 6, 'CSE115 Milestone 23', 'Scheduled exam checkpoint for CSE115 Section 23.', 'exam', '2026-05-06'),
    (24, 7, 'CSE115 Milestone 24', 'Scheduled quiz checkpoint for CSE115 Section 24.', 'quiz', '2026-05-07'),
    (25, 8, 'CSE115 Milestone 25', 'Scheduled presentation checkpoint for CSE115 Section 25.', 'presentation', '2026-05-08'),
    (26, 5, 'CSE299 Milestone 01', 'Scheduled exam checkpoint for CSE299 Section 01.', 'exam', '2026-05-09'),
    (27, 6, 'CSE299 Milestone 02', 'Scheduled quiz checkpoint for CSE299 Section 02.', 'quiz', '2026-05-10'),
    (28, 7, 'CSE299 Milestone 03', 'Scheduled presentation checkpoint for CSE299 Section 03.', 'presentation', '2026-05-11'),
    (29, 8, 'CSE299 Milestone 04', 'Scheduled exam checkpoint for CSE299 Section 04.', 'exam', '2026-05-12'),
    (30, 4, 'CSE299 Milestone 05', 'Scheduled quiz checkpoint for CSE299 Section 05.', 'quiz', '2026-05-13'),
    (31, 5, 'CSE299 Milestone 06', 'Scheduled presentation checkpoint for CSE299 Section 06.', 'presentation', '2026-05-14'),
    (32, 6, 'CSE299 Milestone 07', 'Scheduled exam checkpoint for CSE299 Section 07.', 'exam', '2026-05-15'),
    (33, 7, 'CSE299 Milestone 08', 'Scheduled quiz checkpoint for CSE299 Section 08.', 'quiz', '2026-05-16'),
    (34, 8, 'CSE299 Milestone 09', 'Scheduled presentation checkpoint for CSE299 Section 09.', 'presentation', '2026-05-17'),
    (35, 4, 'CSE299 Milestone 10', 'Scheduled exam checkpoint for CSE299 Section 10.', 'exam', '2026-05-18'),
    (36, 5, 'CSE299 Milestone 11', 'Scheduled quiz checkpoint for CSE299 Section 11.', 'quiz', '2026-05-19'),
    (37, 6, 'CSE299 Milestone 12', 'Scheduled presentation checkpoint for CSE299 Section 12.', 'presentation', '2026-05-20'),
    (38, 6, 'CSE323 Milestone 01', 'Scheduled exam checkpoint for CSE323 Section 01.', 'exam', '2026-05-21'),
    (39, 7, 'CSE323 Milestone 02', 'Scheduled quiz checkpoint for CSE323 Section 02.', 'quiz', '2026-05-22'),
    (40, 8, 'CSE323 Milestone 03', 'Scheduled presentation checkpoint for CSE323 Section 03.', 'presentation', '2026-05-03'),
    (41, 4, 'CSE323 Milestone 04', 'Scheduled exam checkpoint for CSE323 Section 04.', 'exam', '2026-05-04'),
    (42, 5, 'CSE323 Milestone 05', 'Scheduled quiz checkpoint for CSE323 Section 05.', 'quiz', '2026-05-05'),
    (43, 6, 'CSE323 Milestone 06', 'Scheduled presentation checkpoint for CSE323 Section 06.', 'presentation', '2026-05-06'),
    (44, 7, 'CSE323 Milestone 07', 'Scheduled exam checkpoint for CSE323 Section 07.', 'exam', '2026-05-07'),
    (45, 8, 'CSE323 Milestone 08', 'Scheduled quiz checkpoint for CSE323 Section 08.', 'quiz', '2026-05-08'),
    (46, 4, 'CSE323 Milestone 09', 'Scheduled presentation checkpoint for CSE323 Section 09.', 'presentation', '2026-05-09'),
    (47, 7, 'CSE327 Milestone 01', 'Scheduled exam checkpoint for CSE327 Section 01.', 'exam', '2026-05-10'),
    (48, 8, 'CSE327 Milestone 02', 'Scheduled quiz checkpoint for CSE327 Section 02.', 'quiz', '2026-05-11'),
    (49, 4, 'CSE327 Milestone 03', 'Scheduled presentation checkpoint for CSE327 Section 03.', 'presentation', '2026-05-12'),
    (50, 5, 'CSE327 Milestone 04', 'Scheduled exam checkpoint for CSE327 Section 04.', 'exam', '2026-05-13'),
    (51, 6, 'CSE327 Milestone 05', 'Scheduled quiz checkpoint for CSE327 Section 05.', 'quiz', '2026-05-14'),
    (52, 7, 'CSE327 Milestone 06', 'Scheduled presentation checkpoint for CSE327 Section 06.', 'presentation', '2026-05-15'),
    (53, 8, 'CSE327 Milestone 07', 'Scheduled exam checkpoint for CSE327 Section 07.', 'exam', '2026-05-16'),
    (54, 4, 'CSE327 Milestone 08', 'Scheduled quiz checkpoint for CSE327 Section 08.', 'quiz', '2026-05-17'),
    (55, 8, 'CSE468 Milestone 01', 'Scheduled presentation checkpoint for CSE468 Section 01.', 'presentation', '2026-05-18'),
    (56, 4, 'CSE468 Milestone 02', 'Scheduled exam checkpoint for CSE468 Section 02.', 'exam', '2026-05-19'),
    (57, 5, 'CSE468 Milestone 03', 'Scheduled quiz checkpoint for CSE468 Section 03.', 'quiz', '2026-05-20'),
    (58, 6, 'CSE468 Milestone 04', 'Scheduled presentation checkpoint for CSE468 Section 04.', 'presentation', '2026-05-21'),
    (59, 7, 'CSE468 Milestone 05', 'Scheduled exam checkpoint for CSE468 Section 05.', 'exam', '2026-05-22'),
    (60, 8, 'CSE468 Milestone 06', 'Scheduled quiz checkpoint for CSE468 Section 06.', 'quiz', '2026-05-03'),
    (61, 4, 'CSE499 Milestone 01', 'Scheduled presentation checkpoint for CSE499 Section 01.', 'presentation', '2026-05-04'),
    (62, 5, 'CSE499 Milestone 02', 'Scheduled exam checkpoint for CSE499 Section 02.', 'exam', '2026-05-05'),
    (63, 6, 'CSE499 Milestone 03', 'Scheduled quiz checkpoint for CSE499 Section 03.', 'quiz', '2026-05-06'),
    (64, 7, 'CSE499 Milestone 04', 'Scheduled presentation checkpoint for CSE499 Section 04.', 'presentation', '2026-05-07'),
    (65, 8, 'CSE499 Milestone 05', 'Scheduled exam checkpoint for CSE499 Section 05.', 'exam', '2026-05-08'),
    (66, 5, 'ENG111 Milestone 01', 'Scheduled quiz checkpoint for ENG111 Section 01.', 'quiz', '2026-05-09'),
    (67, 6, 'ENG111 Milestone 02', 'Scheduled presentation checkpoint for ENG111 Section 02.', 'presentation', '2026-05-10'),
    (68, 7, 'ENG111 Milestone 03', 'Scheduled exam checkpoint for ENG111 Section 03.', 'exam', '2026-05-11'),
    (69, 8, 'ENG111 Milestone 04', 'Scheduled quiz checkpoint for ENG111 Section 04.', 'quiz', '2026-05-12'),
    (70, 4, 'ENG111 Milestone 05', 'Scheduled presentation checkpoint for ENG111 Section 05.', 'presentation', '2026-05-13'),
    (71, 5, 'ENG111 Milestone 06', 'Scheduled exam checkpoint for ENG111 Section 06.', 'exam', '2026-05-14'),
    (72, 6, 'ENG111 Milestone 07', 'Scheduled quiz checkpoint for ENG111 Section 07.', 'quiz', '2026-05-15'),
    (73, 7, 'ENG111 Milestone 08', 'Scheduled presentation checkpoint for ENG111 Section 08.', 'presentation', '2026-05-16'),
    (74, 8, 'ENG111 Milestone 09', 'Scheduled exam checkpoint for ENG111 Section 09.', 'exam', '2026-05-17'),
    (75, 4, 'ENG111 Milestone 10', 'Scheduled quiz checkpoint for ENG111 Section 10.', 'quiz', '2026-05-18'),
    (76, 5, 'ENG111 Milestone 11', 'Scheduled presentation checkpoint for ENG111 Section 11.', 'presentation', '2026-05-19'),
    (77, 6, 'ENG111 Milestone 12', 'Scheduled exam checkpoint for ENG111 Section 12.', 'exam', '2026-05-20'),
    (78, 7, 'ENG111 Milestone 13', 'Scheduled quiz checkpoint for ENG111 Section 13.', 'quiz', '2026-05-21'),
    (79, 8, 'ENG111 Milestone 14', 'Scheduled presentation checkpoint for ENG111 Section 14.', 'presentation', '2026-05-22'),
    (80, 4, 'ENG111 Milestone 15', 'Scheduled exam checkpoint for ENG111 Section 15.', 'exam', '2026-05-03'),
    (81, 5, 'ENG111 Milestone 16', 'Scheduled quiz checkpoint for ENG111 Section 16.', 'quiz', '2026-05-04'),
    (82, 6, 'ENG111 Milestone 17', 'Scheduled presentation checkpoint for ENG111 Section 17.', 'presentation', '2026-05-05'),
    (83, 7, 'ENG111 Milestone 18', 'Scheduled exam checkpoint for ENG111 Section 18.', 'exam', '2026-05-06'),
    (84, 8, 'ENG111 Milestone 19', 'Scheduled quiz checkpoint for ENG111 Section 19.', 'quiz', '2026-05-07'),
    (85, 4, 'ENG111 Milestone 20', 'Scheduled presentation checkpoint for ENG111 Section 20.', 'presentation', '2026-05-08'),
    (86, 6, 'ENG115 Milestone 01', 'Scheduled exam checkpoint for ENG115 Section 01.', 'exam', '2026-05-09'),
    (87, 7, 'ENG115 Milestone 02', 'Scheduled quiz checkpoint for ENG115 Section 02.', 'quiz', '2026-05-10'),
    (88, 8, 'ENG115 Milestone 03', 'Scheduled presentation checkpoint for ENG115 Section 03.', 'presentation', '2026-05-11'),
    (89, 4, 'ENG115 Milestone 04', 'Scheduled exam checkpoint for ENG115 Section 04.', 'exam', '2026-05-12'),
    (90, 5, 'ENG115 Milestone 05', 'Scheduled quiz checkpoint for ENG115 Section 05.', 'quiz', '2026-05-13'),
    (91, 6, 'ENG115 Milestone 06', 'Scheduled presentation checkpoint for ENG115 Section 06.', 'presentation', '2026-05-14'),
    (92, 7, 'ENG115 Milestone 07', 'Scheduled exam checkpoint for ENG115 Section 07.', 'exam', '2026-05-15'),
    (93, 8, 'ENG115 Milestone 08', 'Scheduled quiz checkpoint for ENG115 Section 08.', 'quiz', '2026-05-16'),
    (94, 4, 'ENG115 Milestone 09', 'Scheduled presentation checkpoint for ENG115 Section 09.', 'presentation', '2026-05-17'),
    (95, 5, 'ENG115 Milestone 10', 'Scheduled exam checkpoint for ENG115 Section 10.', 'exam', '2026-05-18'),
    (96, 6, 'ENG115 Milestone 11', 'Scheduled quiz checkpoint for ENG115 Section 11.', 'quiz', '2026-05-19'),
    (97, 7, 'ENG115 Milestone 12', 'Scheduled presentation checkpoint for ENG115 Section 12.', 'presentation', '2026-05-20'),
    (98, 8, 'ENG115 Milestone 13', 'Scheduled exam checkpoint for ENG115 Section 13.', 'exam', '2026-05-21'),
    (99, 4, 'ENG115 Milestone 14', 'Scheduled quiz checkpoint for ENG115 Section 14.', 'quiz', '2026-05-22'),
    (100, 5, 'ENG115 Milestone 15', 'Scheduled presentation checkpoint for ENG115 Section 15.', 'presentation', '2026-05-03'),
    (101, 6, 'ENG115 Milestone 16', 'Scheduled exam checkpoint for ENG115 Section 16.', 'exam', '2026-05-04'),
    (102, 7, 'ENG115 Milestone 17', 'Scheduled quiz checkpoint for ENG115 Section 17.', 'quiz', '2026-05-05'),
    (103, 8, 'ENG115 Milestone 18', 'Scheduled presentation checkpoint for ENG115 Section 18.', 'presentation', '2026-05-06'),
    (104, 7, 'MAT16 Milestone 01', 'Scheduled exam checkpoint for MAT16 Section 01.', 'exam', '2026-05-07'),
    (105, 8, 'MAT16 Milestone 02', 'Scheduled quiz checkpoint for MAT16 Section 02.', 'quiz', '2026-05-08'),
    (106, 4, 'MAT16 Milestone 03', 'Scheduled presentation checkpoint for MAT16 Section 03.', 'presentation', '2026-05-09'),
    (107, 5, 'MAT16 Milestone 04', 'Scheduled exam checkpoint for MAT16 Section 04.', 'exam', '2026-05-10'),
    (108, 6, 'MAT16 Milestone 05', 'Scheduled quiz checkpoint for MAT16 Section 05.', 'quiz', '2026-05-11'),
    (109, 7, 'MAT16 Milestone 06', 'Scheduled presentation checkpoint for MAT16 Section 06.', 'presentation', '2026-05-12'),
    (110, 8, 'MAT16 Milestone 07', 'Scheduled exam checkpoint for MAT16 Section 07.', 'exam', '2026-05-13'),
    (111, 4, 'MAT16 Milestone 08', 'Scheduled quiz checkpoint for MAT16 Section 08.', 'quiz', '2026-05-14'),
    (112, 5, 'MAT16 Milestone 09', 'Scheduled presentation checkpoint for MAT16 Section 09.', 'presentation', '2026-05-15'),
    (113, 6, 'MAT16 Milestone 10', 'Scheduled exam checkpoint for MAT16 Section 10.', 'exam', '2026-05-16'),
    (114, 7, 'MAT16 Milestone 11', 'Scheduled quiz checkpoint for MAT16 Section 11.', 'quiz', '2026-05-17'),
    (115, 8, 'MAT16 Milestone 12', 'Scheduled presentation checkpoint for MAT16 Section 12.', 'presentation', '2026-05-18'),
    (116, 4, 'MAT16 Milestone 13', 'Scheduled exam checkpoint for MAT16 Section 13.', 'exam', '2026-05-19'),
    (117, 5, 'MAT16 Milestone 14', 'Scheduled quiz checkpoint for MAT16 Section 14.', 'quiz', '2026-05-20'),
    (118, 6, 'MAT16 Milestone 15', 'Scheduled presentation checkpoint for MAT16 Section 15.', 'presentation', '2026-05-21'),
    (119, 7, 'MAT16 Milestone 16', 'Scheduled exam checkpoint for MAT16 Section 16.', 'exam', '2026-05-22'),
    (120, 8, 'MAT16 Milestone 17', 'Scheduled quiz checkpoint for MAT16 Section 17.', 'quiz', '2026-05-03'),
    (121, 4, 'MAT16 Milestone 18', 'Scheduled presentation checkpoint for MAT16 Section 18.', 'presentation', '2026-05-04'),
    (122, 5, 'MAT16 Milestone 19', 'Scheduled exam checkpoint for MAT16 Section 19.', 'exam', '2026-05-05'),
    (123, 6, 'MAT16 Milestone 20', 'Scheduled quiz checkpoint for MAT16 Section 20.', 'quiz', '2026-05-06'),
    (124, 8, 'MAT120 Milestone 01', 'Scheduled presentation checkpoint for MAT120 Section 01.', 'presentation', '2026-05-07'),
    (125, 4, 'MAT120 Milestone 02', 'Scheduled exam checkpoint for MAT120 Section 02.', 'exam', '2026-05-08'),
    (126, 5, 'MAT120 Milestone 03', 'Scheduled quiz checkpoint for MAT120 Section 03.', 'quiz', '2026-05-09'),
    (127, 6, 'MAT120 Milestone 04', 'Scheduled presentation checkpoint for MAT120 Section 04.', 'presentation', '2026-05-10'),
    (128, 7, 'MAT120 Milestone 05', 'Scheduled exam checkpoint for MAT120 Section 05.', 'exam', '2026-05-11'),
    (129, 8, 'MAT120 Milestone 06', 'Scheduled quiz checkpoint for MAT120 Section 06.', 'quiz', '2026-05-12'),
    (130, 4, 'MAT120 Milestone 07', 'Scheduled presentation checkpoint for MAT120 Section 07.', 'presentation', '2026-05-13'),
    (131, 5, 'MAT120 Milestone 08', 'Scheduled exam checkpoint for MAT120 Section 08.', 'exam', '2026-05-14'),
    (132, 6, 'MAT120 Milestone 09', 'Scheduled quiz checkpoint for MAT120 Section 09.', 'quiz', '2026-05-15'),
    (133, 7, 'MAT120 Milestone 10', 'Scheduled presentation checkpoint for MAT120 Section 10.', 'presentation', '2026-05-16'),
    (134, 8, 'MAT120 Milestone 11', 'Scheduled exam checkpoint for MAT120 Section 11.', 'exam', '2026-05-17'),
    (135, 4, 'MAT120 Milestone 12', 'Scheduled quiz checkpoint for MAT120 Section 12.', 'quiz', '2026-05-18'),
    (136, 5, 'MAT120 Milestone 13', 'Scheduled presentation checkpoint for MAT120 Section 13.', 'presentation', '2026-05-19'),
    (137, 6, 'MAT120 Milestone 14', 'Scheduled exam checkpoint for MAT120 Section 14.', 'exam', '2026-05-20'),
    (138, 7, 'MAT120 Milestone 15', 'Scheduled quiz checkpoint for MAT120 Section 15.', 'quiz', '2026-05-21'),
    (139, 8, 'MAT120 Milestone 16', 'Scheduled presentation checkpoint for MAT120 Section 16.', 'presentation', '2026-05-22'),
    (140, 4, 'MAT120 Milestone 17', 'Scheduled exam checkpoint for MAT120 Section 17.', 'exam', '2026-05-03'),
    (141, 5, 'MAT120 Milestone 18', 'Scheduled quiz checkpoint for MAT120 Section 18.', 'quiz', '2026-05-04'),
    (142, 4, 'MAT250 Milestone 01', 'Scheduled presentation checkpoint for MAT250 Section 01.', 'presentation', '2026-05-05'),
    (143, 5, 'MAT250 Milestone 02', 'Scheduled exam checkpoint for MAT250 Section 02.', 'exam', '2026-05-06'),
    (144, 6, 'MAT250 Milestone 03', 'Scheduled quiz checkpoint for MAT250 Section 03.', 'quiz', '2026-05-07'),
    (145, 7, 'MAT250 Milestone 04', 'Scheduled presentation checkpoint for MAT250 Section 04.', 'presentation', '2026-05-08'),
    (146, 8, 'MAT250 Milestone 05', 'Scheduled exam checkpoint for MAT250 Section 05.', 'exam', '2026-05-09'),
    (147, 4, 'MAT250 Milestone 06', 'Scheduled quiz checkpoint for MAT250 Section 06.', 'quiz', '2026-05-10'),
    (148, 5, 'MAT250 Milestone 07', 'Scheduled presentation checkpoint for MAT250 Section 07.', 'presentation', '2026-05-11'),
    (149, 6, 'MAT250 Milestone 08', 'Scheduled exam checkpoint for MAT250 Section 08.', 'exam', '2026-05-12'),
    (150, 7, 'MAT250 Milestone 09', 'Scheduled quiz checkpoint for MAT250 Section 09.', 'quiz', '2026-05-13'),
    (151, 8, 'MAT250 Milestone 10', 'Scheduled presentation checkpoint for MAT250 Section 10.', 'presentation', '2026-05-14'),
    (152, 4, 'MAT250 Milestone 11', 'Scheduled exam checkpoint for MAT250 Section 11.', 'exam', '2026-05-15'),
    (153, 5, 'MAT250 Milestone 12', 'Scheduled quiz checkpoint for MAT250 Section 12.', 'quiz', '2026-05-16'),
    (154, 5, 'MAT350 Milestone 01', 'Scheduled presentation checkpoint for MAT350 Section 01.', 'presentation', '2026-05-17'),
    (155, 6, 'MAT350 Milestone 02', 'Scheduled exam checkpoint for MAT350 Section 02.', 'exam', '2026-05-18'),
    (156, 7, 'MAT350 Milestone 03', 'Scheduled quiz checkpoint for MAT350 Section 03.', 'quiz', '2026-05-19'),
    (157, 8, 'MAT350 Milestone 04', 'Scheduled presentation checkpoint for MAT350 Section 04.', 'presentation', '2026-05-20'),
    (158, 4, 'MAT350 Milestone 05', 'Scheduled exam checkpoint for MAT350 Section 05.', 'exam', '2026-05-21'),
    (159, 5, 'MAT350 Milestone 06', 'Scheduled quiz checkpoint for MAT350 Section 06.', 'quiz', '2026-05-22'),
    (160, 6, 'MAT350 Milestone 07', 'Scheduled presentation checkpoint for MAT350 Section 07.', 'presentation', '2026-05-03'),
    (161, 7, 'MAT350 Milestone 08', 'Scheduled exam checkpoint for MAT350 Section 08.', 'exam', '2026-05-04'),
    (162, 6, 'MAT361 Milestone 01', 'Scheduled quiz checkpoint for MAT361 Section 01.', 'quiz', '2026-05-05'),
    (163, 7, 'MAT361 Milestone 02', 'Scheduled presentation checkpoint for MAT361 Section 02.', 'presentation', '2026-05-06'),
    (164, 8, 'MAT361 Milestone 03', 'Scheduled exam checkpoint for MAT361 Section 03.', 'exam', '2026-05-07'),
    (165, 4, 'MAT361 Milestone 04', 'Scheduled quiz checkpoint for MAT361 Section 04.', 'quiz', '2026-05-08'),
    (166, 5, 'MAT361 Milestone 05', 'Scheduled presentation checkpoint for MAT361 Section 05.', 'presentation', '2026-05-09'),
    (167, 6, 'MAT361 Milestone 06', 'Scheduled exam checkpoint for MAT361 Section 06.', 'exam', '2026-05-10'),
    (168, 7, 'MAT361 Milestone 07', 'Scheduled quiz checkpoint for MAT361 Section 07.', 'quiz', '2026-05-11');

INSERT INTO carpool_routes (id, route_name, description) VALUES
    (1, 'NAC Express', 'Northern academic corridor to campus'),
    (2, 'SAC Loop', 'Southern residential and activity corridor'),
    (3, 'City Connector', 'City-side pickup route feeding into campus');

INSERT INTO carpool_stops (route_id, stop_name, stop_order) VALUES
    (1, 'North Gate', 1),
    (1, 'NAC-24', 2),
    (1, 'Main Academic Building', 3),
    (2, 'South Hub', 1),
    (2, 'SAC-18', 2),
    (2, 'Library Plaza', 3),
    (3, 'City Junction', 1),
    (3, 'NAC-41', 2),
    (3, 'Innovation Block', 3);

INSERT INTO vehicles (student_id, vehicle_reg_no, vehicle_type, status, approval_note, created_at, reviewed_by, reviewed_at) VALUES
    (1, 'DHK-2201', '4door', 'approved', 'Approved for demo driver access.', '2026-04-26 09:00:00', 9, '2026-04-26 11:00:00'),
    (2, 'DHK-2202', 'motorcycle', 'pending', 'Awaiting admin review.', '2026-04-27 14:00:00', NULL, NULL),
    (3, 'DHK-2203', 'microbus', 'approved', 'Approved for route demonstrations.', '2026-04-27 15:00:00', 9, '2026-04-27 17:00:00');

INSERT INTO rides (id, driver_id, route_id, departure_time, available_seats, total_seats, comment, status) VALUES
    (1, 1, 1, '2026-04-29 08:15', 2, 3, 'Morning route for the first lab block.', 'open'),
    (2, 3, 2, '2026-04-29 16:40', 5, 6, 'Return trip after afternoon classes.', 'open'),
    (3, 1, 3, '2026-04-30 09:10', 3, 4, 'Flexible pickup across the city connector.', 'open');

INSERT INTO ride_bookings (ride_id, student_id, booked_at, status) VALUES
    (1, 2, '2026-04-27 19:00:00', 'joined'),
    (2, 1, '2026-04-27 19:25:00', 'joined');
